code,lat,lng,category,objet,nom,adresse,codepostal,ville,commentaire,horaire,telephone,fax,courriel,siteinternet,src,modesCollecte,type
stco_reemploi1,-1.624346,47.199656,Récup.,Autres,TRAIT D'UNION,95 rue Robert Schuman,44800,SAINT-HERBLAIN,"Collecte des déchets et communication sur le tri. Vous avez besoin d'espace, de détruire plafonds, cloisons, toiture, etc. ? Nos spécialistes de la déconstruction interviennent chez vous et vous débarrassent. Nos professionnels peuvent aussi réaliser des petits travaux de maçonnerie ou de bricolage et vous aider à reconstruire ! Vous ne savez que faire de résidus de tonte de pelouses, de coupe de bois? de cartons, plastiques, ferraille, etc. ? Nos spécialistes de la collecte des déchets valorisables viennent chez vous, les récupèrent et les orientent vers les filières de recyclage adaptées.",,06 67 23 03 95,,info@trait-union.net,<a href='http://www.trait-union.net' target='_blank' >www.trait-union.net</a>,DeuxiemeVie 03/14,smco_reempdivers, divers,
stco_reemploi2,-1.639795,47.197236,Décheterie,Dechets,SAINT-HERBLAIN,Rond point Lacroix,44470,SAINT-HERBLAIN,"Déchets admis : Déblais et gravats issus du bricolage familial, papiers, cartons, encombrorvaultants ménagers divers, Déchets d'équipements Electriques et Electroniques, batteries, verre, huiles de moteur, bouteilles et flacons plastique, bois, ferrailles, déchets verts issus des ménages.","Ouvert tous les jours de 10h à  17h45, dimanche compris (sauf jours fériés)",02 51 80 90 27,,,<a href='http://www.nantesmetropole.fr/pratique/dechets/les-decheteries-et-ecopoints-23191.kjsp?RH=faq_trisac' target='_blank' >www.nantesmetropole.fr</a>,DeuxiemeVie 03/14,modco_decheterie,,"0101-3112_lu+ma+me+je+ve+sa+di_10h00-17h45,sauf_ferie"
stco_reemploi3,-1.888551,47.354684,Récup.,Meuble,Recyclerie Nord Atlantique,Point du Jour,44260,SAVENAY,"Au Bazar Citoyen, la première boutique de la Recyclerie Nord Atlantique, les habitants du territoire peuvent venir chiner, fouiller, faire de bonnes affaires.","La boutique est ouverte tous les mercredi et samedi de 9h30 à 12h et de 14h à 16h45. Chacun peut également venir y déposer les objets encore utilisables, aux mêmes jours et heures d’ouverture.",02 40 05 38 21,,recyclerie.nordatlantique@orange.com,,DeuxiemeVie 03/14,"smco_reempmeuble,smco_reemplivreCD,smco_reempjouet,smco_reempdivers"," meuble, livred/BD/CD/DVD/, jouet, divers",0101-3112_me+sa_09h30-12h00+14h00-16h45
stco_reemploi4,-1.551347,47.258670,Décheterie,Dechets,LA CHAPELLE SUR ERDRE,Rue Ampère,44240,LA CHAPELLE SUR ERDRE,"Déchets admis : Déblais et gravats issus du bricolage familial, papiers, cartons, encombrants ménagers divers, Déchets d'équipements Electriques et Electroniques, batteries, verre, huiles de moteur, bouteilles et flacons plastique, bois, ferrailles, déchets verts issus des ménages.","Ouvert tous les jours de 10h à  18h, dimanche compris (sauf jours fériés)",02 40 37 72 21,,,<a href='http://www.nantesmetropole.fr/pratique/dechets/les-decheteries-et-ecopoints-23191.kjsp?RH=faq_trisac' target='_blank' >www.nantesmetropole.fr</a>,DeuxiemeVie 03/14,modco_decheterie,,"0101-3112_lu+ma+me+je+ve+sa+di_10h00-18h00,sauf_ferie"
stco_reemploi5,-1.754959,47.201260,Récup.,Meuble,ATELIER DU RETZ EMPLOI (LE PELLERIN),18 rue du docteur Sourdille,44640,LE PELLERIN,"Collecte, revente à petit prix de ce qui est récupérable, tri en vue de recyclage : vaisselle, jouets, livres, disques, électroménager en état de fonctionnement, outils, vêtements, chaussures, bibelots, meubles...","le MERCREDI de 9 h à 12 h, le SAMEDI de 9 h à 12 h 30",06 71 65 87 20,,atelierduretzemploi@orange.fr,<a href='http://latelierduretzemploi.free.fr' target='_blank' >http://latelierduretzemploi.free.fr/</a>,DeuxiemeVie 03/14,"smco_reempmeuble,smco_reemplivreCD,smco_reempjouet,smco_reempvet,smco_reempdivers"," meuble, livred/BD/CD/DVD/, jouet, vêtements, divers","0101-3112_me_09h00-12h00,0101-3112_sa_09h00-12h30"
stco_reemploi6,-1.560690,47.161667,Récup.,Electromenager,EMMAUS,La Guilloterie Rue d'Emmaus,44430,BOUGENAIS,"Meubles, appareils et ustensiles ménagers, literie, couverture, linge, lustres et luminaires, vêtements, livres, vaisselle...",Pour effectuer vos dépôts : du lundi au samedi de 8h00 à  11h30 et de 14h à  17h30,02 40 75 63 36,02 40 32 86 96,contact@emmaus44.fr,<a href='http://www.emmaus44.fr' target='_blank' >www.emmaus44.fr</a>,DeuxiemeVie 03/14,"smco_reempelectromenag,smco_reempmeuble,smco_reempvet,smco_reemplivreCD,smco_reempdivers"," électroménager, meuble, vêtements, livred/BD/CD/DVD/, divers",0101-3112_lu+ma+me+je+ve+sa_08h00-11h30+14h00-17h30
stco_reemploi7,-1.534953,47.157418,Décheterie,Dechets,REZE,Rue Pierre Legendre,44400,REZE,"Déchets admis : déblais et gravats issus du bricolage familial, papiers, cartons, encombrants ménagers divers, Déchets d'équipements Electriques et Electroniques, batteries, verre, huiles de moteur, bouteilles et flacons plastique, bois, ferrailles, déchets verts issus des ménages.","Ouvert tous les jours de 10h à  18h, dimanche compris (sauf jours fériés)",02 51 70 24 04,,,<a href='http://www.nantesmetropole.fr/pratique/dechets/les-decheteries-et-ecopoints-23191.kjsp?RH=faq_trisac' target='_blank' >www.nantesmetropole.fr</a>,DeuxiemeVie 03/14,modco_decheterie,,"0101-3112_lu+ma+me+je+ve+sa+di_10h00-18h00,sauf_ferie"
stco_reemploi8,-1.636877,47.148371,Décheterie,Dechets,SAINT-AIGNAN-DE-GRAND-LIEU,Avenue de la Forêt,44640,SAINT-AIGNAN-DE-GRAND-LIEU,"Déchets admis : Déblais et gravats issus du bricolage familial, papiers, cartons, encombrants ménagers divers, Déchets d'équipements Electriques et Electroniques, batteries, verre, huiles de moteur, bouteilles et flacons plastique, bois, ferrailles, déchets verts issus des ménages.","Ouvert Lundi, Mardi, Mercredi, Vendredi et Samedi de 10h à  18h (sauf jours fériés)",06 84 58 50 20,,,<a href='http://www.nantesmetropole.fr/pratique/dechets/les-decheteries-et-ecopoints-23191.kjsp?RH=faq_trisac' target='_blank' >www.nantesmetropole.fr</a>,DeuxiemeVie 03/14,modco_decheterie,,"0101-3112_lu+ma+me+je+ve+sa_10h00-18h00,sauf_ferie"
stco_reemploi9,-2.253592,47.310977,Décheterie,Dechets,CUNEIX,Route de Cuneix,44600,SAINT-NAZAIRE,"Déchets acceptés: Végétaux, Gravats, tout venant, cartons, ferrailles, huile minérale, huile végétale (en bidon), batterie, emballages légers, verres, journaux revues magazines, bois, lampes/tubes, DEEE (après réhabilitation). Déchets dangereux des ménages acceptés : Piles, déchets toxiques, pneus (uniquement pour les particuliers et après réhabilitation). Les particuliers domiciliés sur l'agglomération peuvent également : déposer de l'amiante liée (plaques de fibrociment), à la déchèterie le samedi et le dimanche de 9h à 18h du 1er octobre au 31 mars (les mêmes jours de 9h à 19h le reste de l'année). Utiliser la plateforme des déchets verts pour y effectuer des dépôts de déchets verts ou charger gratuitement du compost (dans la limite d'une remorque), le samedi et le dimanche de 9h à 18h du 1er octobre au 31 mars (les mêmes jours de 9h à 19h le reste de l'année)", Été (Du 1er avril au 30 septembre) : Lundi au Samedi de 9h à 19h. Dimanche de 9h à 12h15. Hiver (du 1er octobre au 31 mars) : Lundi au Samedi de 9h à 18h. Dimanche de 9h à 12h15. Fermeture les jours fériés.,02 40 22 50 97,,,<a href='http://www.agglo-carene.fr/26572369/0/fiche___pagelibre/&RH=DECHETS' target='_blank' >www.agglo-carene.fr</a>,DeuxiemeVie 03/14,modco_decheterie,,"0104-3008_lu+ma+me+je+ve+sa_09h00-19h00,0104-3008_di_09h00-12h15,0101-3103+0109-3112_lu+ma+me+je+ve+sa_09h00-18h00,0101-3103+0109-3112_di_09h00-12h15,sauf_ferie"
stco_reemploi10,-2.2184136,47.2764666,Récup.,Vetement,Enfant'y Age,"1 rue etienne de condillac, square de la mutualité",44600,SAINT NAZAIRE,Dépot vente et commerce de vêtements pour enfant et articles de puériculture.,Le magasin est ouvert du mardi au samedi de 9h30 à 12h30 et de 13h30 à 18h,09 81 48 66 76 / 06 63 76 39 04,,enfantyage@hotmail.fr,<a href='http://www.facebook.com/people/Enfanty-Age/100002458176597?sk=wall' target='_blank' >Facebook</a>,DeuxiemeVie 03/14,"smco_reempvet,smco_reempjouet"," vêtements, jouet","0101-3112_ma+me+je+ve+sa_09h30-12h30,0101-3112_ma+me+je+ve+sa_13h30-18h00"
stco_reemploi11,-1.503839,47.225106,Décheterie,Dechets,NANTES,Rue Vulcain,44300,NANTES,"Déchets admis : Déblais et gravats issus du bricolage familial, papiers, cartons, encombrants ménagers divers, Déchets d'équipements Electriques et Electroniques, batteries, verre, huiles de moteur, bouteilles et flacons plastique, bois, ferrailles, déchets verts issus des ménages. Déchets Dangereux des Ménages : produits toxiques, dangereux ou instables (peinture, vernis, colle, diluants...) ; piles ; bouteilles de gaz ; déchets d'amiante-lié : fibrociment, fibro ondulé (long maxi 2m, quantité maxi 10 plaques), tubes en fibrociment en petite longueur, les cuves ou jardinières; pneus.",Ouvert du Lundi au Samedi de 10h à  18h et le Dimanche de 8h30 à  12h (sauf jours fériés),02 40 49 43 20,,,<a href='http://www.nantesmetropole.fr/pratique/dechets/les-decheteries-et-ecopoints-23191.kjsp?RH=faq_trisac' target='_blank' >www.nantesmetropole.fr</a>,DeuxiemeVie 03/14,modco_decheterie,,"0101-3112_lu+ma+me+je+ve+sa_10h00-18h00,0101-3112_di_08h30-12h00,sauf_ferie"
stco_reemploi12,-2.2726939,47.2599674,Récup.,Electromenager,ENVIE 44,"Zone commerciale Océanis, 29 rue de l’étoile du matin",44600,SAINT-NAZAIRE,Récupération et vente d'électroménager,Du mardi au samedi de 10h à 12h30 et de 14h30 à 19h,02 53 35 51 90 ,,envie.44.sn@orange.fr,<a href='http://www.envie.org' target='_blank' >www.envie.org</a>,DeuxiemeVie 03/14,smco_reempelectromenag, électroménager,"0101-3112_ma+me+je+ve+sa_12h00-14h00,0101-3112_ma+me+je+ve+sa_14h30-19h00"
stco_reemploi13,-2.161143,47.3264595,Récup.,Autres,ESAT Marie Moreau,40 rue du Docteur Schweitzer,44612,SAINT-NAZAIRE,"L'atelier recycle les toiles de voile ou les bâches publicitaires pour en faire des sacs marins, des cabas, des cartables ou des étuis isothermes. Ces articles sont aussi commercialisés dans le magasin Artisan du Monde de Saint-Nazaire.",,02 40 53 85 79,02 40 70 68 50,cat.marie-moreau@wanadoo.fr,<a href='http://www.marie-moreau.fr/esat.php' target='_blank' >www.marie-moreau.fr</a>,DeuxiemeVie 03/14,smco_reempdivers, divers,
stco_reemploi14,-1.573717,47.258869,Récup.,Autres,ATAO,"7 bis, rue Jacques Cartier",44300,NANTES,Récupération et vente de vélo et de cyclomoteurs,,02 40 59 93 68,02 51 77 19 78,contact@atao-insertion.fr,<a href='http://atao-insertion.fr' target='_blank' >http://atao-insertion.fr/</a>,DeuxiemeVie 03/14,smco_reempdivers, divers,
stco_reemploi15,-1.6133603,47.2062095,Récup.,Cartouche,LEVER L'ENCRE,14 Boulevard Winston Churchill,44100,NANTES,Recharge de cartouche d'imprimante et remanufacturation de toner,,,,contact@leverlencre.fr,<a href='http://www.leverlencre.fr' target='_blank' >www.leverlencre.fr</a>,DeuxiemeVie 03/14,smco_reempcartouchetoner, cartouches encre/tuners,
stco_reemploi16,-1.5578842,47.2143672,Récup.,Autres,Optique Jean ROYER,"11, place Royale",44000,NANTES,Récupération de lunettes,"Du mardi au samedi de 10h à 19h, le lundi de 14h à 19h",02 40 48 75 73,09 58 40 75 73,,<a href='http://www.optique-royer.com' target='_blank' >www.optique-royer.com</a>,DeuxiemeVie 03/14,smco_reempdivers, divers,"0101-3112_ma+me+je+ve+sa_10h00-19h00,0101-3112_lu_14h00-19h00"
stco_reemploi17,-1.4852487,47.1842788,Récup.,Autres,PAPIERS DE L'ESPOIR,29 Rue Maladrie,44120,VERTOU,"Collecte de papiers usagés. L'association a pour objectif de financer des actions humanitaires éducatives à partir d'un geste écologique, le tri du papier.",,02 40 34 29 24 ou 06 75 67 98 02 ou 06 37 27 14 22 (St-Nazaire),,papiersdelespoir@free.fr,<a href='http://www.lespapiersdelespoir.fr' target='_blank' >www.lespapiersdelespoir.fr</a>,DeuxiemeVie 03/14,smco_reempdivers, divers,
stco_reemploi18,-1.5515172,47.1879293,Récup.,Vetement,DING-FRING Rezé,75 Rue de la Commune,44400,REZE,Boutique du Relais,Du lundi au vendredi de 10h à 12h30 et de 14h à 19h00. Le samedi de 10h à 12h30 et de 14h à 18h30,02 51 70 28 35,,,<a href='http://www.lerelais.org/-Nos-boutiques-Ding-Fring-.html' target='_blank' >www.lerelais.org/-Nos-boutiques-Ding-Fring-.html</a>,DeuxiemeVie 03/14,smco_reempvet, vêtements,"0101-3112_lu+ma+me+je+ve_10h00-12h30,0101-3112_lu+ma+me+je+ve_14h00-19h00,0101-3112_sa_10h00-12h30,0101-3112_sa_14h00-18h30"
stco_reemploi19,-1.641401,47.224091,Récup.,Meuble,L'HOMME DEBOUT,9 rue des Compagnons,44800,SAINT-HERBLAIN,Récupération de meubles,Ferme le mercredi apres midi et le vendredi. Devis meuble le mardi de 14 a 17h et le jeudi de 9 a 12h.,02 40 92 26 91,02.40.92.26.92,lhommedebout@wanadoo.fr,<a href='http://www.lhommedebout.com' target='_blank' >www.lhommedebout.com</a>,DeuxiemeVie 03/14,smco_reempmeuble, meuble,0101-3112_lu+ma+me+je+ve_12h00-14h00
stco_reemploi20,-1.2710598,47.165074,Récup.,Vetement,PAT'MOUILLE,8 route de la loire,44330,VALLET,"Collecte et vente à petits prix des articles textiles : vêtements adulte et enfant, linge plat, maroquinerie, jouets, bijoux fantaisie...",du lundi au vendredi de 8h à 12h30 et de 14h à 19h ainsi que le samedi matin de 9h à 12h30,02 40 36 39 89,02 40 36 39 89,patmouille@wanadoo.fr,<a href='http://www.patmouille.fr/' target='_blank' >www.patmouille.fr</a>,DeuxiemeVie 03/14,"smco_reempvet,smco_reempjouet"," vêtements, jouet","0101-3112_lu+ma+me+je+ve_08h00-12h30,0101-3112_lu+ma+me+je+ve_14h00-19h00,0101-3112_sa_09h00-12h30"
stco_reemploi21,-1.641127,47.223984,Récup.,Autres,ATAO,4 rue des compagnons,44800,SAINT-HERBLAIN,Récupération et vente de vélo et de cyclomoteurs,,02 40 92 28 91,,contact@atao-insertion.fr,<a href='http://atao-insertion.fr' target='_blank' >http://atao-insertion.fr/</a>,DeuxiemeVie 03/14,smco_reempdivers, divers,
stco_reemploi22,-1.483498,47.199569,Décheterie,Dechets,SAINT SEBASTIEN SUR LOIRE,Rue Pierre Legendre,44400,SAINT SEBASTIEN SUR LOIRE,"Déchets admis : déblais et gravats issus du bricolage familial, papiers, cartons, encombrants ménagers divers, Déchets d'équipements Electriques et Electroniques, batteries, verre, huiles de moteur, bouteilles et flacons plastique, bois, ferrailles, déchets verts issus des ménages.","Ouvert tous les jours de 10h à  18h, dimanche compris (sauf jours fériés)",02 40 03 08 33,,,<a href='http://www.nantesmetropole.fr/pratique/dechets/les-decheteries-et-ecopoints-23191.kjsp?RH=faq_trisac' target='_blank' >www.nantesmetropole.fr</a>,DeuxiemeVie 03/14,modco_decheterie,,"0101-3112_lu+ma+me+je+ve+sa+di_10h00-18h00,sauf_ferie"
stco_reemploi23,-2.2117936,47.2803679,Récup.,Cartouche,CARTRIDGE WORLD,68 Avenue de la République,44600,SAINT-NAZAIRE,Recharge de cartouche d'imprimante et remanufacturation de toner,Lundi au Samedi de 09H00 à 19H00,02 40 24 80 09,02 40 42 56 24,,<a href='http://www.cartridgeworld.fr' target='_blank' >www.cartridgeworld.fr</a>,DeuxiemeVie 03/14,smco_reempcartouchetoner, cartouches encre/tuners,0101-3112_lu+ma+me+je+ve+sa_09h00-19h00
stco_reemploi24,-1.621382,47.329666,Récup.,Autres,ECHANGES ET SOLIDARITE 44,64 rue de la mairie,44119,TREILLIERES,"Récupération de ferrailles, voitures, cuivre, batteries, linge, vaisselles, bibelots, fauteuils roulants, machines à  coudre. Récupération possible à  domicile",,02 40 43 84 91,,echanges.solidarite@wanadoo.fr,<a href='http://www.es44.org' target='_blank' >www.es44.org</a>,DeuxiemeVie 03/14,smco_reempdivers, divers,
stco_reemploi25,-1.411228,47.313224,Décheterie,Dechets,MAUVES-SUR-LOIRE,Rond point Lacroix,44470,MAUVES-SUR-LOIRE,"Déchets admis : Déblais et gravats issus du bricolage familial, papiers, cartons, encombrants ménagers divers, Déchets d'équipements Electriques et Electroniques, batteries, verre, huiles de moteur, bouteilles et flacons plastique, bois, ferrailles, déchets verts issus des ménages.",Ouvert Lundi et Mercredi de 14h à  18h et Samedi de 10h à  18 h (sauf jours fériés),,,,<a href='http://www.nantesmetropole.fr/pratique/dechets/les-decheteries-et-ecopoints-23191.kjsp?RH=faq_trisac' target='_blank' >www.nantesmetropole.fr</a>,DeuxiemeVie 03/14,modco_decheterie,,"0101-3112_lu+ma+me_14h00-18h00,0101-3112_sa_10h00-18h00,sauf_ferie"
stco_reemploi26,-1.654222,47.258053,Récup.,Autres,ATELIER BAR'AMEL TRAJET,"9, Route de Brimberne",44880,SAUTRON,Récupération de pain,,02 51 78 64 62,02 40 63 27 76,atelier-baramel@asso-trajet.fr,<a href='http://reseau-insertion44.fr/annuaire/latelier-baramel' target='_blank' >www.reseau-insertion44.fr</a>,DeuxiemeVie 03/14,smco_reempdivers, divers,
stco_reemploi27,-1.718935,47.187263,Décheterie,Dechets,SAINT-JEAN-DE-BOISEAU,Rue de la Poterie,44640,SAINT-JEAN-DE-BOISEAU,"Déchets admis : Déblais et gravats issus du bricolage familial, papiers, cartons, encombrants ménagers divers, Déchets d'équipements Electriques et Electroniques, batteries, verre, huiles de moteur, bouteilles et flacons plastique, bois, ferrailles, déchets verts issus des ménages.","Ouvert tous les jours de 10h à  18h, dimanche compris (sauf jours fériés)",02 40 32 94 22,,,<a href='http://www.nantesmetropole.fr/pratique/dechets/les-decheteries-et-ecopoints-23191.kjsp?RH=faq_trisac' target='_blank' >www.nantesmetropole.fr</a>,DeuxiemeVie 03/14,modco_decheterie,,"0101-3112_lu+ma+me+je+ve+sa+di_10h00-18h00,sauf_ferie"
stco_reemploi28,-2.1881119,47.3108847,Récup.,Electromenager,EMMAUS,43 bis Rue Jean-Baptiste Marcet,44570,TRIGNAC,"Meubles, appareils et ustensiles ménagers, literie, couverture, linge, lustres et luminaires, vêtements, livres, vaisselle...","Dépôts des dons : Mardi, mercredi, vendredi et le samedi de 9h30 à 11h30 et de 13h30 à 16h30. Salle de vente : Le mercredi de 13h30 à 17h30 et le samedi de 9h30 à 11h30 et de 13h30 à 17h30.",08 99 23 72 78,02 40 32 86 96,contact@emmaus44.fr,<a href='http://www.emmaus44.fr' target='_blank' >www.emmaus44.fr</a>,DeuxiemeVie 03/14,"smco_reempelectromenag,smco_reempmeuble,smco_reempvet,smco_reemplivreCD,smco_reempdivers"," électroménager, meuble, vêtements, livred/BD/CD/DVD/, divers","0101-3112_ma+me+ve+sa_09h30-11h30+13h30-16h30,0101-3112_me_13h30-17h30,0101-3112_sa_09h30-11h30+13h30-17h30,"
stco_reemploi29,-2.2100357,47.2774346,Récup.,Informatique,SNALIS,61 rue d’Anjou,44600,SAINT-NAZAIRE,"Récupération, reconditionnement et distribution d'ordinateurs",Ouvert au public le jeudi de 14h à 17h,09 50 72 82 51,,contact@snalis.org,<a href='http://www.snalis.org/' target='_blank' >www.snalis.org</a>,DeuxiemeVie 03/14,smco_reempinfo, informatique,0101-3112_je_14h00-17h00
stco_reemploi30,-1.51986,47.239259,Récup.,Informatique,ALIS44,60 rue de la Bottière,44300,NANTES,"Récupération, reconditionnement et distribution d'ordinateurs","Du lundi au vendredi, 9h-12h et 14h-18h",06.47.98.02.68,,alis-asso@alis44.org,<a href='http://www.alis44.org' target='_blank' >www.alis44.org</a>,DeuxiemeVie 03/14,smco_reempinfo, informatique,"0101-3112_lu+ma+me+je+ve_09h00-12h00,0101-3112_lu+ma+me+je+ve_14h00-18h00"
stco_reemploi31,-1.5591834,47.2125716,Récup.,Cartouche,OCE'ENCRE,7 place Bourse,44000,NANTES,Recharge de cartouche d'imprimante,"Ouvert le Lundi de 14h à  19h, du Mardi au Vendredi de 10h à  13h et de 14h à  19h et le samedi de 10h à  13h et de 14h à  18h",02 51 88 98 65,09 59 07 98 65,oce.encreboutique@free.fr,<a href='http://www.oceencre.com' target='_blank' >www.oceencre.com</a>,DeuxiemeVie 03/14,smco_reempcartouchetoner, cartouches encre/tuners,"0101-3112_lu_14h00-19h00,0101-3112_ma+me+je+ve_10h00-13h00+14h00-19h00,0101-3112_sa_10h00-13h00+14h00-18h00"
stco_reemploi32,-1.558127,47.209536,Récup.,Informatique,Ecophone 44,2 rue Deurbroucq,44000,NANTES,Ouverture d'une boutique Ecophone 44 au 2 rue Deurbroucq à Nantes. 2 entreprises : Ecophone 44 et SAFETY PC 44 et nous récupérons les téléphones et les ordinateurs hors d'usage.,du lundi au samedi de 10h à 18h30,02 52 10 37 71,,ecophone44@sfr.fr,<a href='http://www.ecophone44.com' target='_blank' >www.ecophone44.com</a>,DeuxiemeVie 03/14,"smco_reempinfo,smco_reempdivers"," informatique, divers",0101-3112_lu+ma+me+je+ve+sa_10h00-18h30
stco_reemploi33,-1.652637,47.233582,Récup.,Electromenager,ENVIE 44,18 rue Bobby Sands,44800,SAINT-HERBLAIN,Récupération et vente d'électroménager,Du lundi au samedi de 10h à 13h et de 14h à 19h,02 40 43 82 37,02 40 43 82 96,envie44@wanadoo.fr,<a href='http://www.envie.org' target='_blank' >www.envie.org</a>,DeuxiemeVie 03/14,smco_reempelectromenag, électroménager,"0101-3112_lu+ma+me+je+ve+sa_10h00-13h00,0101-3112_lu+ma+me+je+ve+sa_14h00-19h00"
stco_reemploi34,-1.766052,47.312759,Récup.,Cartouche,PRAXIS ENVIRONNEMENT,ZA les 4 Nations 2 rue Henri Farman,44360,VIGNEUX DE BRETAGNE,Collecte et recyclage de cartouches d'imprimantes laser et jet d'encre.,Du lundi au vendredi de 9h00 à  18h00.,02 40 57 44 54,02 40 57 44 55,info@praxis-environnement.com,<a href='http://www.praxis-environnement.com' target='_blank' >www.praxis-environnement.com</a>,DeuxiemeVie 03/14,smco_reempcartouchetoner, cartouches encre/tuners,0101-3112_lu+ma+me+je+ve_09h00-18h00
stco_reemploi35,-1.548943,47.217117,Récup.,Livres_Revue_CD_BD,"NANTES ÉCOLOGIE, L'AIR LIVRE",3 bis rue Prémion,44015,NANTES,"Récupération de livres, revues, BD",Lundi à Vendredi 9h-13h et 14h30-18h30,02 40 47 18 27 (public) / 02 51 82 05 41 (bureau),,nantes.ecologie@free.fr,<a href='http://nantesecologie.free.fr' target='_blank' >http://nantesecologie.free.fr</a>,DeuxiemeVie 03/14,smco_reemplivreCD, livred/BD/CD/DVD/,"0101-3112_lu+ma+me+je+ve_09h00-13h00,0101-3112_lu+ma+me+je+ve_14h30-18h30"
stco_reemploi36,-1.608134,47.247658,Récup.,Cartouche,ENCRE STATION,113 route de Vannes,44800,SAINT-HERBLAIN,Recharge de cartouche d'imprimante et remanufacturation de toner,"Ouvert le Lundi de 14h à  19h, du Mardi au Vendredi de 9h30 à  12h30 et de 14h à  19h et le samedi de 10h à  12h30 et de 14h à  17h",02 40 74 42 16,,nantes@encrestation.com,<a href='http://www.encrestation.com' target='_blank' >www.encrestation.com</a>,DeuxiemeVie 03/14,smco_reempcartouchetoner, cartouches encre/tuners,"0101-3112_lu_14h00-19h00,0101-3112_ma+me+je+ve_09h30-12h30+14h00-19h00,0101-3112_sa_10h00-12h30+14h00-17h00"
stco_reemploi37,-1.642425,47.223204,Récup.,Informatique,ACTIF OUEST,8 rue du Charron,44800,SAINT-HERBLAIN,"Rénovation de micro-ordinateurs réformés et leur revente avec garantie. Démantèlement assuré par un Atelier d'insertion, pour le matériel «obsolète», en panne et les déchets informatiques et électroniques.",Du lundi au vendredi de 9h00 à  12h30 et de 14h00 à  18h00.,02 51 80 05 38,02 51 80 09 36,tris-actif-ouest@orange.fr,<a href='http://www.actifouest.fr' target='_blank' >www.actifouest.fr</a>,DeuxiemeVie 03/14,smco_reempinfo, informatique,"0101-3112_lu+ma+me+je+ve_09h00-12h30+14h00-18h00,"
stco_reemploi38,-2.2116533,47.2717698,Récup.,Vetement,La Pomme et la lionne,19 avenue Léon Blum,44600,SAINT-NAZAIRE,"En partant de vêtements neufs ou anciens, et en choisissant différents tissus , galons, boutons, perles, ...je transforme, je revisite, pour proposer des pièces originales et uniques; jupes, vestes, sacs, chaussures, chapeaux, étoles, pantalons, etc... revus et corrigés...!","Ouvert le mardi, jeudi et vendredi, de 10 h à 12 h et de 14 h à 19 h; le samedi, de 15 h à 18 h.",06 33 63 35 52,,lapommelalionne@gmail.com,<a href='http://fr-fr.facebook.com/pages/LA-POMME-ET-LA-LIONNE/234774523203287' target='_blank' >Facebook</a>,DeuxiemeVie 03/14,smco_reempvet, vêtements,"0101-3112_ma+je+ve_10h00-12h00,0101-3112_ma+je+ve_14h00-19h00,0101-3112_sa_15h00-18h00"
stco_reemploi39,-2.185721,47.304255,Décheterie,Dechets,MÉAN PENHOËT SAINT-NAZAIRE,Rue de la petite pâture,44600,SAINT-NAZAIRE,"Déchets acceptés: Végétaux, Gravats, tout venant, cartons, ferrailles, huile minérale, huile végétale (en bidon), batterie, emballages légers, verres, journaux revues magazines, lampes/tubes. Déchets dangereux des ménages acceptés : Piles, déchets toxiques. ", Été (Du 1er avril au 30 septembre) : Lundi au Vendredi de 10h à 12h15 et de 14h30 à 19h. Samedi de 9h à 12h15 et de 14h30 à 19h. Hiver (du 1er octobre au 31 mars) : Lundi au Samedi de 9h à 12h15 et de 14h30 à 18h. Fermeture les jours fériés.,02 40 90 45 19,,,<a href='http://www.agglo-carene.fr/26572369/0/fiche___pagelibre/&RH=DECHETS' target='_blank' >www.agglo-carene.fr</a>,DeuxiemeVie 03/14,modco_decheterie,,"0104-3008_lu+ma+me+je+ve_10h00-12h15+14h30-19h00,0104-3008_sa_09h00-12h15+14h30-19h00,0101-3103+0109-3112_lu+ma+me+je+ve+sa_09h00-12h15+14h30-18h00,sauf_ferie"
stco_reemploi40,-1.815695,47.109553,Récup.,Electromenager,ATELIER DU RETZ EMPLOI (SAINTE-PAZANNE),28 rue de Bel Air,44640,SAINTE-PAZANNE,"Collecte, revente à petit prix de ce qui est récupérable, tri en vue de recyclage : vaisselle, jouets, livres, disques, électroménager en état de fonctionnement, outils, vêtements, chaussures, bibelots, meubles...","le MERCREDI de 9 h à 17 h 30, le SAMEDI de 9 h à 17 h 30",06 71 65 87 20,,atelierduretzemploi@orange.fr,<a href='http://latelierduretzemploi.free.fr' target='_blank' >http://latelierduretzemploi.free.fr/</a>,DeuxiemeVie 03/14,"smco_reempelectromenag,smco_reempmeuble,smco_reemplivreCD,smco_reempjouet,smco_reempvet,smco_reempdivers"," électroménager, meuble, livred/BD/CD/DVD/, jouet, vêtements, divers","0101-3112_me_09h00-17h30,0101-3112_sa_09h00-17h30"
stco_reemploi41,-1.5468354,47.2119882,Récup.,Vetement,DING-FRING Fourré,32 rue Fourré,44200,NANTES,Boutique du Relais,Du lundi au vendredi de 10h à 19h00 et le samedi de 10h à 18h30,02 40 75 46 91,,,<a href='http://www.lerelais.org/-Nos-boutiques-Ding-Fring-.html' target='_blank' >www.lerelais.org/-Nos-boutiques-Ding-Fring-.html</a>,DeuxiemeVie 03/14,smco_reempvet, vêtements,0101-3112_lu+ma+me+je+ve_10h00-19h00
stco_reemploi42,-1.237721,47.491830,Récup.,Meuble,TroCantons,85 rue des cèdres,44440,PANNECE,"3 boutiques du réemploi sur le Pays d'Ancenis Au CELLIER, à PANNECE, à BELLIGNE.",Boutiques PANNECE - jeudi 14h/17h30 et samedi 9h30/12h30 Boutique BELLIGNE - Lundi 9h/12h et samedi 9h/12h Boutique LE CELLIER - Vendredi 14h/17h et samedi 9h/12h horaires dépots: du mardi au samedi de 9h30 à 12h30 et le jeudi de 14h à 17h30 Possibilité de collecte à domicile,02 40 97 78 55,02 28 21 95 54,contact@trocantons.org,<a href='http://www.trocantons.org' target='_blank' >http://www.trocantons.org/</a>,DeuxiemeVie 03/14,"smco_reempmeuble,smco_reempinfo,smco_reemplivreCD,smco_reempjouet,smco_reempvet,smco_reempdivers,smco_reempelectromenag"," meuble, informatique, livred/BD/CD/DVD/, jouet, vêtements, divers, électroménager","0101-3112_je_14h00-17h30,0101-3112_sa_09h30-12h30,0101-3112_lu+sa_09h00-12h00,0101-3112_ve_14h00-17h00,0101-3112_sa_09h00-12h00,0101-3112_ma+me+je+ve+sa_09h30-12h30,0101-3112_je_14h00-17h30,"
stco_reemploi43,-1.443844,47.287963,Décheterie,Dechets,CARQUEFOU,Lieu-dit L'Ebaupin (accès RD 209),44470,CARQUEFOU,"Déchets admis : déblais et gravats issus du bricolage familial, papiers, cartons, encombrants ménagers divers, Déchets d'équipements Electriques et Electroniques, batteries, verre, huiles de moteur, bouteilles et flacons plastique, bois, ferrailles, déchets verts issus des ménages.","Ouvert tous les jours de 10h à  18h, dimanche compris (sauf jours fériés)",02 40 93 76 71,,,<a href='http://www.nantesmetropole.fr/pratique/dechets/les-decheteries-et-ecopoints-23191.kjsp?RH=faq_trisac' target='_blank' >www.nantesmetropole.fr</a>,DeuxiemeVie 03/14,modco_decheterie,,"0101-3112_lu+ma+me+je+ve+sa+di_10h00-18h00,sauf_ferie"
stco_reemploi44,-1.460903,47.178060,Décheterie,Dechets,VERTOU,La Foresterie,44120,VERTOU,"Déchets admis : Déblais et gravats issus du bricolage familial, papiers, cartons, encombrants ménagers divers, Déchets d'équipements Electriques et Electroniques, batteries, verre, huiles de moteur, bouteilles et flacons plastique, bois, ferrailles, déchets verts issus des ménages.","Ouvert tous les jours de 10h à  18h, dimanche compris (sauf jours fériés)",02 40 34 43 74,,,<a href='http://www.nantesmetropole.fr/pratique/dechets/les-decheteries-et-ecopoints-23191.kjsp?RH=faq_trisac' target='_blank' >www.nantesmetropole.fr</a>,DeuxiemeVie 03/14,modco_decheterie,,"0101-3112_lu+ma+me+je+ve+sa+di_10h00-18h00,sauf_ferie"
stco_reemploi45,-1.564511,47.222541,Ecopoint,Dechets,VIARME,"Quartier Viarme Talensac, Rue du Bourget",44000,VIARME,"Déchets admis : Papiers, cartons, encombrants ménagers divers, Déchets d'équipements Electriques et Electroniques (D.E.E.E.), batteries, verre, huiles de moteur, bouteilles et flacons plastique, bois, ferrailles, déchets verts issus des ménages, Déchets Dangereux des Ménages : produits toxiques, dangereux ou instables (peinture, vernis, colle, diluants...), piles, bouteilles de gaz, les cuves ou jardinières, pneus.",Ouvert du Lundi au Samedi de 10h à  18h et Dimanche de 8h30 à  12h (sauf jours fériés),02 51 82 31 47,,,<a href='http://www.nantesmetropole.fr/pratique/dechets/les-decheteries-et-ecopoints-23191.kjsp?RH=faq_trisac' target='_blank' >www.nantesmetropole.fr</a>,DeuxiemeVie 03/14,modco_decheterie,,"0101-3112_lu+ma+me+je+sa_10h00-18h00,0101-3112_di_08h30-12h00,,sauf_ferie"
stco_reemploi46,-1.561791,47.200229,Récup.,Autres,LES MARCHANDS DE SABLE,18 quai du président Wilson,44200,NANTES,Scénographie Architecture Bâti Lieux Expérimentaux. Notre travail trouve son application dans la création d'installation urbaines et constructions temporaires à base d'objets récupérés.,,06 81 67 42 06,,lesmarchandsdesable@gmail.com,<a href='http://lesmarchandsdesable.free.fr/spip' target='_blank' >http://lesmarchandsdesable.free.fr/spip</a>,DeuxiemeVie 03/14,smco_reempdivers, divers,
stco_reemploi47,-1.53276,47.23558,Récup.,Vetement,LA CROIX ROUGE / Vestiboutique,51 bis rue de la Moisdonnière,44300,NANTES,"Récupération et distribution de vêtements, livres, jouets, vaisselle, bibelots",Mardi et jeudi de 9h30 à 12h00 et de 14h00 à 17h00,02 51 89 47 62,,dl.nantes@croix-rouge.fr,<a href='http://www.croix-rouge.fr' target='_blank' >www.croix-rouge.fr</a>,DeuxiemeVie 03/14,"smco_reempvet,smco_reemplivreCD,smco_reempjouet,smco_reempdivers"," vêtements, livred/BD/CD/DVD/, jouet, divers","0101-3112_ma+je_09h30-12h00,0101-3112_ma+je_14h00-17h00"
stco_reemploi48,-1.683226,47.177112,Décheterie,Dechets,LA MONTAGNE,Chemin du Pérou,44620,LA MONTAGNE,"Déchets admis : déblais et gravats issus du bricolage familial, papiers, cartons, encombrants ménagers divers, Déchets d'équipements Electriques et Electroniques, batteries, verre, huiles de moteur, bouteilles et flacons plastique, bois, ferrailles, déchets verts issus des ménages.","Ouvert tous les jours de 10h à  18h, dimanche compris (sauf jours fériés)",02 40 32 94 23,,,<a href='http://www.nantesmetropole.fr/pratique/dechets/les-decheteries-et-ecopoints-23191.kjsp?RH=faq_trisac' target='_blank' >www.nantesmetropole.fr</a>,DeuxiemeVie 03/14,modco_decheterie,,"0101-3112_lu+ma+me+je+ve+sa+di_10h00-18h00,sauf_ferie"
stco_reemploi49,-1.601493,47.198548,Ecopoint,Dechets,CHANTENAY,"42, bd du Maréchal Juin",44000,CHANTENAY,"Déchets admis : Papiers, cartons, encombrants ménagers divers, Déchets d'équipements Electriques et Electroniques (D.E.E.E.), batteries, verre, huiles de moteur, bouteilles et flacons plastique, bois, ferrailles, déchets verts issus des ménages, Déchets Dangereux des Ménages : produits toxiques, dangereux ou instables (peinture, vernis, colle, diluants...), piles, bouteilles de gaz, les cuves ou jardinières, pneus.",Ouvert du Mardi au Samedi de 10h à  17h30 (sauf jours fériés),02 40 46 61 05,,,<a href='http://www.nantesmetropole.fr/pratique/dechets/les-decheteries-et-ecopoints-23191.kjsp?RH=faq_trisac' target='_blank' >www.nantesmetropole.fr</a>,DeuxiemeVie 03/14,modco_decheterie,,"0101-3112_ma+me+je+ve+sa_10h00-17h30,sauf_ferie"
stco_reemploi50,-1.591301,47.225397,Ecopoint,Dechets,DERVALLIERES,"Quartier Dervallières, Rue J.M. Nattier",44000,DERVALLIERES,"Déchets admis : Papiers, cartons, encombrants ménagers divers, Déchets d'équipements Electriques et Electroniques (D.E.E.E.), batteries, verre, huiles de moteur, bouteilles et flacons plastique, bois, ferrailles, déchets verts issus des ménages, Déchets Dangereux des Ménages : produits toxiques, dangereux ou instables (peinture, vernis, colle, diluants...), piles, bouteilles de gaz, les cuves ou jardinières, pneus.",Ouvert du Mardi au Samedi de 10h à  17h30 (sauf jours fériés),02 40 43 36 69,,,<a href='http://www.nantesmetropole.fr/pratique/dechets/les-decheteries-et-ecopoints-23191.kjsp?RH=faq_trisac' target='_blank' >www.nantesmetropole.fr</a>,DeuxiemeVie 03/14,modco_decheterie,,"0101-3112_ma+me+je+ve+sa_10h00-17h30,sauf_ferie"
stco_reemploi51,-1.5484173,47.213765,Récup.,Livres_Revue_CD_BD,"NANTES ÉCOLOGIE, L'AIR LIVRE",6 rue Monteil,44000,NANTES,"Récupération de livres, revues, BD et de manuels scolaires","Lundi, mardi, jeudi, vendredi 9h-13h et 14h00-18h00",02 51 82 78 30,,nantes.ecologie@free.fr,<a href='http://nantesecologie.free.fr' target='_blank' >http://nantesecologie.free.fr</a>,DeuxiemeVie 03/14,smco_reemplivreCD, livred/BD/CD/DVD/,"0101-3112_lu+ma+je+ve_09h00-13h00,0101-3112_lu+ma+je+ve_14h00-18h00"
stco_reemploi52,-1.5692261,47.2092982,Récup.,Vetement,DING-FRING Brunelière,5 rue Charles Brunelière,44200,NANTES,Boutique du Relais,Du lundi au vendredi de 10h à 19h00. Le samedi de 10h à 18h30,02 40 69 13 89,,,<a href='http://www.lerelais.org/-Nos-boutiques-Ding-Fring-.html' target='_blank' >www.lerelais.org/-Nos-boutiques-Ding-Fring-.html</a>,DeuxiemeVie 03/14,smco_reempvet, vêtements,"0101-3112_lu+ma+me+je+ve_12h00-14h00,0101-3112_sa_10h00-18h30"
stco_reemploi53,-1.643064,47.222275,Récup.,Vetement,RELAIS ATLANTIQUE,"3 impasse du Bourrelier, CP 1526",44806,SAINT-HERBLAIN CEDEX,"Récupération de vêtements, chaussures, linge. Informations sur l'emplacement des conteneur : www.relais-atlantique.fr",,02 28 03 18 57,02 28 03 14 11,contact@relais-atlantique.fr,<a href='http://www.relais-atlantique.fr' target='_blank' >www.relais-atlantique.fr</a>,DeuxiemeVie 03/14,"smco_reempvet,smco_reempdivers"," vêtements, divers",
stco_reemploi54,-1.633449,47.259354,Récup.,Autres,ARCADE,Rue Stévin,44700,ORVAULT,Récupération de matériels divers pour le tiers monde,Le mardi de 10h à 12 h.,02 40 63 74 20,,,<a href='http://www.arcade44-benin.net' target='_blank' >www.arcade44-benin.net</a>,DeuxiemeVie 03/14,smco_reempdivers, divers,0101-3112_ma_10h00-12h00
stco_reemploi55,-1.565745,47.196638,Récup.,Meuble,ECOREV,90 rue de la basse île,44400,REZE,"Réemploi d'objets de la vie courante : collecte en déchèterie puis revente à bas prix (mobilier, vaisselle, jouets, livres, vêtements, articles de loisirs, outillage...)",Dépôt d'objets réutilisables : lundi-samedi de 9h à 12h Boutique solidaire : le samedi de 10h à 18h,02 28 23 64 47,02 28 23 64 47,contact@ecorev-reemploi.com,<a href='http://www.ecorev-reemploi.com' target='_blank' >www.ecorev-reemploi.com</a>,DeuxiemeVie 03/14,"smco_reempmeuble,smco_reemplivreCD,smco_reempjouet,smco_reempvet,smco_reempdivers"," meuble, livred/BD/CD/DVD/, jouet, vêtements, divers","0101-3112_lu+ma+me+je+ve_09h00-12h00,0101-3112_sa_10h00-18h00"
stco_reemploi56,-2.206235,47.285496,Récup.,Meuble,SECOURS POPULAIRE,14 rue Madame de Sévigné ,44604,SAINT-NAZAIRE,"Pour tous, qui recherchez des meubles, des vêtements, des livres, des jouets, de la vaisselle, une braderie est à votre disposition","Le Samedi de 9h30 à 12h, et en semaine selon les horaires suivants : Meubles : Lundi, Mardi, Mercredi, Jeudi de 14h30 à 17h, Vestiaire : Mardi, un  Mercredi sur deux ( non distribution alimentaire ), Jeudi  :  10h à12h et de 14h30 à 16h30, Jouets : Mardi et Jeudi de 10h à 12h et de 14h30 à 16h30, Bibliothèque : Jeudi de 14h30 à 16h30.  Les dépots de vêtements, livres, jouets, vaisselle, bibelots peuvent se faire tous les jours, de 9h à 12 h et de 14h30 à 16h30. De préférence, venez le lundi et le samedi matin. Dépots de meubles toutes les après-midi, du lundi au jeudi, de 14 h à 17 h. ",02 40 74 48 41,02 40 74 34 64,spf.sn44@orange.fr,<a href='http://www.spf44.org' target='_blank' >www.spf44.org</a>,DeuxiemeVie 03/14,"smco_reempmeuble,smco_reempvet,smco_reemplivreCD,smco_reempjouet,smco_reempdivers"," meuble, vêtements, livred/BD/CD/DVD/, jouet, divers",0101-3112_lu+ma+me+je+ve+sa+di_00h00-23h59
stco_reemploi57,-1.550624,47.201511,Récup.,Autres,BOUCHON D'AMOUR,Stockage : Chà¢teau d'eau du MIN de Nantes,44200,NANTES,Récupération de bouchons plastiques,,02 40 86 57 29,,,<a href='http://bouchonsdamour44.over-blog.com' target='_blank' >http://bouchonsdamour44.over-blog.com</a>,DeuxiemeVie 03/14,smco_reempdivers, divers,
stco_reemploi58,-2.2100179,47.2774497,Récup.,Vetement,DING-FRING Saint-Nazaire,60 rue de Stalingrad,44600,SAINT-NAZAIRE,Boutique du Relais,Du lundi au jeudi : de 10h à 12h30 et de 14h30 à 19h00 ; Le vendredi : 10h00 à 19h00 ; Le samedi : 10h00 à 12h30 et de 14h30 à 18h30,02 40 66 10 07,,,<a href='http://www.lerelais.org/-Nos-boutiques-Ding-Fring-.html' target='_blank' >www.lerelais.org/-Nos-boutiques-Ding-Fring-.html</a>,DeuxiemeVie 03/14,smco_reempvet, vêtements,"0101-3112_lu+ma+me+je_10h00-12h30,0101-3112_lu+ma+me+je_14h30-19h00,0101-3112_ve_10h00-19h00,0101-3112_sa_10h00-12h30,0101-3112_sa_14h30-18h30"
stco_reemploi59,-2.2065413,47.2735589,Récup.,Cartouche,PIGMENTA,"Tabac presse La Civette,  1 Rue Henri Gautier",44600,SAINT-NAZAIRE,Rechargez vos cartouches d'encre et toners.,du lundi au vendredi 7h00-19h00 et le samedi 8h00-19h00,02 40 22 39 20,,ecoencre@gmail.com,<a href='http://www.pigmenta.fr' target='_blank' >www.pigmenta.fr</a>,DeuxiemeVie 03/14,smco_reempcartouchetoner, cartouches encre/tuners,"0101-3112_lu+ma+me+je+ve_07h00-19h00,0101-3112_sa_08h00-19h00"
stco_reemploi60,-1.5801384,47.2097351,Récup.,Electromenager,LA FRATERNITE,5 rue Amiral Duchaffault,44000,NANTES,"Les petits frères des Pauvres accompagnent des personnes – en priorité de plus de cinquante ans - souffrant d'isolement, de pauvreté, de maladie, d'exclusions.",du lundi au jeudi de 9h à 12h30 et de 13h30 à 18h et le vendredi à 17h,02 40 68 96 96,02 40 68 96 75,Contact sur le site,<a href='http://www.petitsfreres.asso.fr/' target='_blank' >www.petitsfreres.asso.fr</a>,DeuxiemeVie 03/14,"smco_reempelectromenag,smco_reemplivreCD,smco_reempjouet,smco_reempmeuble,smco_reempvet,smco_reempdivers"," électroménager, livred/BD/CD/DVD/, jouet, meuble, vêtements, divers","0101-3112_lu+ma+me+je_09h00-12h30+13h30-18h00,0101-3112_ve_09h00-12h30+13h30-17h00"
stco_reemploi61,-1.560953,47.227348,Récup.,Meuble,SECOURS POPULAIRE,163 Rue Paul Bellamy,44000,NANTES,"Récupération de vêtements, meubles, électroménagers",Tous les jours du lundi au vendredi de 9h à 12h et de 14h à 17h,02 40 74 48 41,02 40 74 34 64,contact@spf44.org,<a href='http://www.spf44.org' target='_blank' >www.spf44.org</a>,DeuxiemeVie 03/14,"smco_reempmeuble,smco_reempvet,smco_reempelectromenag"," meuble, vêtements, électroménager",0101-3112_lu+ma+me+je+ve_09h00-12h00+14h00-17h00
stco_reemploi62,-1.570404,47.260956,Récup.,Autres,A.R.B.R.E.S.,"105, Rue des Renards",44300,NANTES,Récupération de papier (même pour des volumes moyens),Du lundi au jeudi de 9h00 à 12h30 et de 14h00 à 17h00. Le vendredi de 9h00 à 12h30 et de 14h00 à 16h00.,02 40 40 35 55,02 40 40 69 40,arbresnord@wanadoo.fr,<a href='http://www.arbres44.org' target='_blank' >www.arbres44.org</a>,DeuxiemeVie 03/14,smco_reempdivers, divers,"0101-3112_lu+ma+me+je_12h00-14h00,0101-3112_lu+ma+me+je_14h00-17h00,0101-3112_ve_09h00-12h30,0101-3112_ve_14h00-16h00"
stco_reemploi63,-1.556319,47.217781,Récup.,Cartouche,POINT ENCRE ET TONER,13 Rue de l'Hotel de Ville,44000,NANTES,Recharge de cartouche d'imprimante et remanufacturation de toner,Ouvert le lundi de 13h à 19h ; du mardi au vendredi de 9h à 12h45 et de 13h45 à 19h ; le samedi de 14h à 19h.,02 40 35 64 29,02 51 89 03 79,contact.nantes@economax.fr,,DeuxiemeVie 03/14,smco_reempcartouchetoner, cartouches encre/tuners,"0101-3112_lu_13h00-19h00,0101-3112_ma+me+je+ve_09h00-12h45,0101-3112_ma+me+je+ve_13h45-19h00,0101-3112_sa_14h00-19h00"
stco_reemploi64,-1.5318757,47.2414082,Récup.,Vetement,DING-FRING Marsauderies,15 rue des Marsauderies ,44000,NANTES,Boutique du Relais : Ding Fring,Du lundi au vendredi de 10h à 19h00 et le samedi de 10h à 12h et de 14h à 18h30,02 40 20 87 11,,,<a href='http://www.lerelais.org/-Nos-boutiques-Ding-Fring-.html' target='_blank' >www.lerelais.org/-Nos-boutiques-Ding-Fring-.html</a>,DeuxiemeVie 03/14,smco_reempvet, vêtements,"0101-3112_lu+ma+me+je+ve_10h00-19h00,0101-3112_sa_10h00-12h00,0101-3112_sa_14h00-18h30"
stco_reemploi65,-2.2577916,47.2615601,Récup.,Vetement,La grange aux fringues,48 rue Pitre Grenapin,44600,SAINT-NAZAIRE,"La grange aux fringues est une bourse permanente de vêtements d'occasion ouvert à tous et porté par un chantier d'insertion. Il est possible de vendre ses vêtements en étant adhérent à une Maison de quartier : 15 articles par mois peuvent être déposés. Les articles non vendus et l'argent des ventes sont ensuite récupérés à la fin du mois. La grange aux fringues devient, à certaines périodes de l'année, la grange ambulante et se déplace dans les différents quartiers de Saint-Nazaire.","Ouvert le lundi de 14h15 à 17h45, le mardi et le jeudi de 9h à 12h30 et de 14h15 à 17h45, le mercredi de 9h à 12h et de 14h15 à 17h45, le vendredi de 9h à 12h30 et de 13h30 à 17h30, le samedi de 9h à 12h.",02 40 70 35 00,,,<a href='http://www.fmq-saintnazaire.fr/mqbouletterie/index.php?option=com_content&view=article&id=49&Itemid=59' target='_blank' >www.fmq-saintnazaire.fr/mqbouletterie</a>,DeuxiemeVie 03/14,smco_reempvet, vêtements,"0101-3112_lu_14h15-17h45,0101-3112_ma+je_09h00-12h30,0101-3112_ma+je_14h15-17h45,0101-3112_me_09h00-12h00,0101-3112_me_14h15-17h45,0101-3112_ve_09h00-12h30,0101-3112_ve_13h30-17h30,0101-3112_sa_09h00-12h00"
stco_reemploi66,-1.5324433,47.1819242,Récup.,Electromenager,RECUPFER44,1 résidence du parc,44400,REZE,"Récupération de ferraille, métaux, électroménager, voiture, camion, bateau, engins agricole... Déplacement à domicile dans toute la loire-atlantique.",Du lundi au samedi de 8 heures à 20 heures.,06 38 39 72 78,,,<a href='http://www.recupfer44.com' target='_blank' >www.recupfer44.com</a>,DeuxiemeVie 03/14,"smco_reempelectromenag,smco_reempdivers"," électroménager, divers",0101-3112_lu+ma+me+je+ve+sa_08h00-20h00
stco_reemploi67,-1.523216,47.253922,Décheterie,Dechets,LA BEAUJOIRE,"29, rue de la Gare Saint-Joseph",44000,NANTES,"Déchets admis : Papiers, cartons, encombrants ménagers divers, Déchets d'équipements Electriques et Electroniques (D.E.E.E.), batteries, verre, huiles de moteur, bouteilles et flacons plastique, bois, ferrailles, déchets verts issus des ménages, Déchets Dangereux des Ménages : produits toxiques, dangereux ou instables (peinture, vernis, colle, diluants...), piles, bouteilles de gaz, les cuves ou jardinières, pneus.",Ouvert du Mardi au Samedi de 10h à  17h30 (sauf jours fériés),02 40 49 62 67,,,<a href='http://www.nantesmetropole.fr/pratique/dechets/les-decheteries-et-ecopoints-23191.kjsp?RH=faq_trisac' target='_blank' >www.nantesmetropole.fr</a>,DeuxiemeVie 03/14,modco_decheterie,,"0101-3112_ma+me+je+ve+sa_10h00-17h30,sauf_ferie"
stco_reemploi68,-1.661669,47.229244,Récup.,Autres,ORTHOPEDIE SANS FRONTIERE,"109 rue de la gare, zone de collecte : la métairie",44800,SAINT-HERBLAIN,"Récupération de matériels pour chambre d'hôpital, fauteuils roulant, lunettes, appareils auditifs",Le jeudi de 9h à 12h et de 14h à 17h30 ,06 64 24 08 77,,,osfafrique.org,DeuxiemeVie 03/14,smco_reempdivers, divers,0101-3112_je_09h00-12h00+14h00-17h30
stco_reemploi69,-2.2115574,47.2820733,Récup.,Cartouche,ENCRE ÉCO...LOGIQUE,91 Avenue de la République,44600,SAINT-NAZAIRE,Spécialistes de la recharge de cartouches d'encre pour particuliers et professionnels.,Ouvert le lundi de 14h00 à 18h00 - Du mardi au vendredi : 10h00 - 12h30 et de 14h00 à 18h30 - le samedi : 10h00 - 12h30 et de 14h00 à 18h00.,02 40 22 11 53,,ecoencre@gmail.com,<a href='http://www.encre-eco-logique.com' target='_blank' >www.encre-eco-logique.com</a>,DeuxiemeVie 03/14,smco_reempcartouchetoner, cartouches encre/tuners,"0101-3112_lu_14h00-18h00,0101-3112_ma+me+je+ve_10h00-12h30+14h00-18h30,0101-3112_sa_10h00-12h30+14h00-18h00"
stco_reemploi70,-1.548718,47.301243,Récup.,Vetement,PORTE OUVERTE CHAPELAINE,6 bis route de Sucé,44240,LA CHAPELLE SUR ERDRE,"Récupération de vêtements, chaussures, linge, en bon état et non démodé",,02 40 72 97 20,,,,DeuxiemeVie 03/14,"smco_reempvet,smco_reempdivers"," vêtements, divers",
stco_reemploi71,-1.545704,47.190903,Récup.,Autres,OSER FORET VIVANTE,12 rue Jean-Baptiste Vigier,44400,REZE,Récupération d'emballages triés par les particuliers et les entreprises,,02 51 72 71 00,02 40 13 38 86,asso.oser@wanadoo.fr,<a href='http://www.oser-foret-vivante.com' target='_blank' >www.oser-foret-vivante.com</a>,DeuxiemeVie 03/14,smco_reempdivers, divers,
stco_reemploi72,-1.633058,47.257112,Décheterie,Dechets,ORVAULT,Rond point Lacroix,44470,ORVAULT,"Déchets admis : Déblais et gravats issus du bricolage familial, papiers, cartons, encombrants ménagers divers, Déchets d'équipements Electriques et Electroniques, batteries, verre, huiles de moteur, bouteilles et flacons plastique, bois, ferrailles, déchets verts issus des ménages.","Ouvert tous les jours de 10h à  18h, dimanche compris (sauf jours fériés)",02 51 78 33 93,,,<a href='http://www.nantesmetropole.fr/pratique/dechets/les-decheteries-et-ecopoints-23191.kjsp?RH=faq_trisac' target='_blank' >www.nantesmetropole.fr</a>,DeuxiemeVie 03/14,modco_decheterie,,"0101-3112_lu+ma+me+je+ve+sa+di_10h00-18h00,sauf_ferie"
stco_reemploi73,-1.634285,47.048713,Récup.,Meuble,RETZ'AGIR,4 Moulin de la Chaussée,44310,ST PHILBERT DE GRAND LIEU,"- Récupération de tous types de meubles en bois, que nous remettons en état. - Ventes des meubles, qui peuvent être peints, lasurés, cirés...selon les goûts de chacun...et à des prix raisonnables. Venez découvrir nos réalisations dans nos ateliers",Du lundi au vendredi de 8h à 12h et de 13h à 17h.,02 40 78 84 00,02 40 02 31 06,retzagir2@orange.fr,<a href='http://www.retzagir.fr' target='_blank' >www.retzagir.fr</a>,DeuxiemeVie 03/14,smco_reempmeuble, meuble,0101-3112_lu+ma+me+je+ve_08h00-12h00+13h00-17h00
