code,name,quartier,modesCollecte,soustype,adresse,coordinates,plage_horaire,conseils,src,type,description
stco_encombrants1,Collecte encombrants en habitat vertical - Quartier Port Boyer,Port Boyer,modco_encombrants,,,"-1.543354,47.242146,0.000000",tous les mercredis matins de chaque mois.,,Infos reprises de la carte Google Maps publiée par Nantes Métropôle,,La collecte des encombrants pour l&#39;habitat vertical ou habitat collectif a lieu à cette adresse tous les mercredis matins de chaque mois.,,,,,,,,
stco_encombrants2,Collecte encombrants en habitat vertical - Quartier Port Boyer,Port Boyer,modco_encombrants,,,"-1.543343,47.239693,0.000000",tous les mercredis après-midis de chaque mois.,,Infos reprises de la carte Google Maps publiée par Nantes Métropôle,,La collecte des encombrants pour l&#39;habitat vertical ou habitat collectif a lieu à cette adresse tous les mercredis après-midis de chaque mois.,,,,,,,,
stco_encombrants3,Collecte encombrants en habitat vertical - Quartier Bellevue,Bellevue,modco_encombrants,,,"-1.609803,47.209106,0.000000",les 1er et 3ème jeudis matins de chaque mois.,,Infos reprises de la carte Google Maps publiée par Nantes Métropôle,,La collecte des encombrants pour l&#39;habitat vertical ou habitat collectif a lieu à cette adresse les 1er et 3ème jeudis matins de chaque mois.,,,,,,,,
stco_encombrants4,Collecte encombrants en habitat vertical - Quartier Bellevue,Bellevue,modco_encombrants,,,"-1.609540,47.208305,0.000000",les 1er et 3ème jeudis matins de chaque mois.,,Infos reprises de la carte Google Maps publiée par Nantes Métropôle,,La collecte des encombrants pour l&#39;habitat vertical ou habitat collectif a lieu à cette adresse les 1er et 3ème jeudis matins de chaque mois.,,,,,,,,
stco_encombrants5,Collecte encombrants en habitat vertical - Quartier Bellevue,Bellevue,modco_encombrants,,,"-1.609476,47.210514,0.000000",les 1er et 3ème jeudis matins de chaque mois.,,Infos reprises de la carte Google Maps publiée par Nantes Métropôle,,La collecte des encombrants pour l&#39;habitat vertical ou habitat collectif a lieu à cette adresse les 1er et 3ème jeudis matins de chaque mois.,,,,,,,,
stco_encombrants6,Collecte encombrants en habitat vertical - Quartier Bellevue,Bellevue,modco_encombrants,,,"-1.610125,47.209839,0.000000",les 1er et 3ème jeudis matins de chaque mois.,,Infos reprises de la carte Google Maps publiée par Nantes Métropôle,,La collecte des encombrants pour l&#39;habitat vertical ou habitat collectif a lieu à cette adresse les 1er et 3ème jeudis matins de chaque mois.,,,,,,,,
stco_encombrants7,Collecte encombrants en habitat vertical - Quartier Bellevue,Bellevue,modco_encombrants,,,"-1.611782,47.207748,0.000000",les 1er et 3ème jeudis matins de chaque mois.,,Infos reprises de la carte Google Maps publiée par Nantes Métropôle,,La collecte des encombrants pour l&#39;habitat vertical ou habitat collectif a lieu à cette adresse les 1er et 3ème jeudis matins de chaque mois.,,,,,,,,
stco_encombrants8,Collecte encombrants en habitat vertical - Quartier Bellevue,Bellevue,modco_encombrants,,,"-1.608741,47.206718,0.000000",tous les vendredis matins du mois.,,Infos reprises de la carte Google Maps publiée par Nantes Métropôle,,La collecte des encombrants pour l&#39;habitat vertical ou habitat collectif a lieu à cette adresse tous les vendredis matins du mois.,,,,,,,,
stco_encombrants9,Collecte encombrants en habitat vertical - Quartier Bellevue,Bellevue,modco_encombrants,,,"-1.609953,47.207203,0.000000",tous les vendredis matins du mois.,,Infos reprises de la carte Google Maps publiée par Nantes Métropôle,,La collecte des encombrants pour l&#39;habitat vertical ou habitat collectif a lieu à cette adresse tous les vendredis matins du mois.,,,,,,,,
stco_encombrants10,Collecte encombrants en habitat vertical - Quartier Bellevue,Bellevue,modco_encombrants,,,"-1.607502,47.207375,0.000000",tous les vendredis matins du mois.,,Infos reprises de la carte Google Maps publiée par Nantes Métropôle,,La collecte des encombrants pour l&#39;habitat vertical ou habitat collectif a lieu à cette adresse tous les vendredis matins du mois.,,,,,,,,
stco_encombrants11,Collecte encombrants en habitat vertical - Quartier Bellevue,Bellevue,modco_encombrants,,,"-1.607984,47.206802,0.000000",tous les vendredis matins du mois.,,Infos reprises de la carte Google Maps publiée par Nantes Métropôle,,La collecte des encombrants pour l&#39;habitat vertical ou habitat collectif a lieu à cette adresse tous les vendredis matins du mois.,,,,,,,,
stco_encombrants12,Collecte encombrants en habitat vertical - Quartier Bellevue,Bellevue,modco_encombrants,,,"-1.606724,47.207077,0.000000",tous les vendredis matins du mois.,,Infos reprises de la carte Google Maps publiée par Nantes Métropôle,,La collecte des encombrants pour l&#39;habitat vertical ou habitat collectif a lieu à cette adresse tous les vendredis matins du mois.,,,,,,,,
stco_encombrants13,Collecte encombrants en habitat vertical - Quartier Bellevue,Bellevue,modco_encombrants,,,"-1.606176,47.207726,0.000000",tous les vendredis matins du mois.,,Infos reprises de la carte Google Maps publiée par Nantes Métropôle,,La collecte des encombrants pour l&#39;habitat vertical ou habitat collectif a lieu à cette adresse tous les vendredis matins du mois.,,,,,,,,
stco_encombrants14,Collecte encombrants en habitat vertical - Quartier Bellevue,Bellevue,modco_encombrants,,,"-1.606262,47.208164,0.000000",tous les vendredis matins du mois.,,Infos reprises de la carte Google Maps publiée par Nantes Métropôle,,La collecte des encombrants pour l&#39;habitat vertical ou habitat collectif a lieu à cette adresse tous les vendredis matins du mois.,,,,,,,,
stco_encombrants15,Collecte encombrants en habitat vertical - Quartier Bellevue,Bellevue,modco_encombrants,,,"-1.605425,47.209137,0.000000",tous les vendredis matins du mois.,,Infos reprises de la carte Google Maps publiée par Nantes Métropôle,,La collecte des encombrants pour l&#39;habitat vertical ou habitat collectif a lieu à cette adresse tous les vendredis matins du mois.,,,,,,,,
stco_encombrants16,Collecte encombrants en habitat vertical - Quartier Bellevue,Bellevue,modco_encombrants,,,"-1.605731,47.208763,0.000000",tous les vendredis matins du mois.,,Infos reprises de la carte Google Maps publiée par Nantes Métropôle,,La collecte des encombrants pour l&#39;habitat vertical ou habitat collectif a lieu à cette adresse tous les vendredis matins du mois.,,,,,,,,
stco_encombrants17,Collecte encombrants en habitat vertical - Quartier Bellevue,Bellevue,modco_encombrants,,,"-1.606042,47.209545,0.000000",tous les vendredis matins du mois.,,Infos reprises de la carte Google Maps publiée par Nantes Métropôle,,La collecte des encombrants pour l&#39;habitat vertical ou habitat collectif a lieu à cette adresse tous les vendredis matins du mois.,,,,,,,,
stco_encombrants18,Collecte encombrants en habitat vertical - Quartier Bellevue,Bellevue,modco_encombrants,,,"-1.606504,47.209732,0.000000",tous les vendredis matins du mois.,,Infos reprises de la carte Google Maps publiée par Nantes Métropôle,,La collecte des encombrants pour l&#39;habitat vertical ou habitat collectif a lieu à cette adresse tous les vendredis matins du mois.,,,,,,,,
stco_encombrants19,Collecte encombrants en habitat vertical - Quartier Bellevue,Bellevue,modco_encombrants,,,"-1.606960,47.209919,0.000000",tous les vendredis matins du mois.,,Infos reprises de la carte Google Maps publiée par Nantes Métropôle,,La collecte des encombrants pour l&#39;habitat vertical ou habitat collectif a lieu à cette adresse tous les vendredis matins du mois.,,,,,,,,
stco_encombrants20,Collecte encombrants en habitat vertical - Quartier Bellevue,Bellevue,modco_encombrants,,,"-1.604873,47.209393,0.000000",tous les vendredis matins du mois.,,Infos reprises de la carte Google Maps publiée par Nantes Métropôle,,La collecte des encombrants pour l&#39;habitat vertical ou habitat collectif a lieu à cette adresse tous les vendredis matins du mois.,,,,,,,,
stco_encombrants21,Collecte encombrants en habitat vertical - Quartier Bellevue,Bellevue,modco_encombrants,,,"-1.604519,47.209778,0.000000",tous les vendredis matins du mois.,,Infos reprises de la carte Google Maps publiée par Nantes Métropôle,,La collecte des encombrants pour l&#39;habitat vertical ou habitat collectif a lieu à cette adresse tous les vendredis matins du mois.,,,,,,,,
stco_encombrants22,Collecte encombrants en habitat vertical - Quartier Bellevue,Bellevue,modco_encombrants,,,"-1.603543,47.209049,0.000000",tous les vendredis matins du mois.,,Infos reprises de la carte Google Maps publiée par Nantes Métropôle,,La collecte des encombrants pour l&#39;habitat vertical ou habitat collectif a lieu à cette adresse tous les vendredis matins du mois.,,,,,,,,
stco_encombrants23,Collecte encombrants en habitat vertical - Quartier Bellevue,Bellevue,modco_encombrants,,,"-1.600651,47.209049,0.000000",tous les vendredis matins du mois.,,Infos reprises de la carte Google Maps publiée par Nantes Métropôle,,La collecte des encombrants pour l&#39;habitat vertical ou habitat collectif a lieu à cette adresse tous les vendredis matins du mois.,,,,,,,,
stco_encombrants24,Collecte encombrants en habitat vertical - Quartier Bellevue,Bellevue,modco_encombrants,,,"-1.600914,47.208752,0.000000",tous les vendredis matins du mois.,,Infos reprises de la carte Google Maps publiée par Nantes Métropôle,,La collecte des encombrants pour l&#39;habitat vertical ou habitat collectif a lieu à cette adresse tous les vendredis matins du mois.,,,,,,,,
stco_encombrants25,Collecte encombrants en habitat vertical - Quartier Bellevue,Bellevue,modco_encombrants,,,"-1.602142,47.208328,0.000000",tous les vendredis matins du mois.,,Infos reprises de la carte Google Maps publiée par Nantes Métropôle,,La collecte des encombrants pour l&#39;habitat vertical ou habitat collectif a lieu à cette adresse tous les vendredis matins du mois.,,,,,,,,
stco_encombrants26,Collecte encombrants en habitat vertical - Quartier Bellevue,Bellevue,modco_encombrants,,,"-1.602598,47.208778,0.000000",tous les vendredis matins du mois.,,Infos reprises de la carte Google Maps publiée par Nantes Métropôle,,La collecte des encombrants pour l&#39;habitat vertical ou habitat collectif a lieu à cette adresse tous les vendredis matins du mois.,,,,,,,,
stco_encombrants27,Collecte encombrants en habitat vertical - Quartier Bellevue,Bellevue,modco_encombrants,,,"-1.609325,47.206310,0.000000",tous les vendredis après-midis de chaque mois.,,Infos reprises de la carte Google Maps publiée par Nantes Métropôle,,La collecte des encombrants pour l&#39;habitat vertical ou habitat collectif a lieu à cette adresse tous les vendredis après-midis de chaque mois.,,,,,,,,
stco_encombrants28,Collecte encombrants en habitat vertical - Quartier Bellevue,Bellevue,modco_encombrants,,,"-1.608092,47.206005,0.000000",tous les vendredis après-midis de chaque mois.,,Infos reprises de la carte Google Maps publiée par Nantes Métropôle,,La collecte des encombrants pour l&#39;habitat vertical ou habitat collectif a lieu à cette adresse tous les vendredis après-midis de chaque mois.,,,,,,,,
stco_encombrants29,Collecte encombrants en habitat vertical - Quartier Bellevue,Bellevue,modco_encombrants,,,"-1.607823,47.206299,0.000000",tous les vendredis après-midis de chaque mois.,,Infos reprises de la carte Google Maps publiée par Nantes Métropôle,,La collecte des encombrants pour l&#39;habitat vertical ou habitat collectif a lieu à cette adresse tous les vendredis après-midis de chaque mois.,,,,,,,,
stco_encombrants30,Collecte encombrants en habitat vertical - Quartier Bellevue,Bellevue,modco_encombrants,,,"-1.606879,47.206726,0.000000",tous les vendredis après-midis de chaque mois.,,Infos reprises de la carte Google Maps publiée par Nantes Métropôle,,La collecte des encombrants pour l&#39;habitat vertical ou habitat collectif a lieu à cette adresse tous les vendredis après-midis de chaque mois.,,,,,,,,
stco_encombrants31,Collecte encombrants en habitat vertical - Quartier Bellevue,Bellevue,modco_encombrants,,,"-1.607115,47.206413,0.000000",tous les vendredis après-midis de chaque mois.,,Infos reprises de la carte Google Maps publiée par Nantes Métropôle,,La collecte des encombrants pour l&#39;habitat vertical ou habitat collectif a lieu à cette adresse tous les vendredis après-midis de chaque mois.,,,,,,,,
stco_encombrants32,Collecte encombrants en habitat vertical - Quartier Bellevue,Bellevue,modco_encombrants,,,"-1.606820,47.205887,0.000000",tous les vendredis après-midis de chaque mois.,,Infos reprises de la carte Google Maps publiée par Nantes Métropôle,,La collecte des encombrants pour l&#39;habitat vertical ou habitat collectif a lieu à cette adresse tous les vendredis après-midis de chaque mois.,,,,,,,,
stco_encombrants33,Collecte encombrants en habitat vertical - Quartier Bellevue,Bellevue,modco_encombrants,,,"-1.605908,47.204906,0.000000",tous les vendredis après-midis de chaque mois.,,Infos reprises de la carte Google Maps publiée par Nantes Métropôle,,La collecte des encombrants pour l&#39;habitat vertical ou habitat collectif a lieu à cette adresse tous les vendredis après-midis de chaque mois.,,,,,,,,
stco_encombrants34,Collecte encombrants en habitat vertical - Quartier Bellevue,Bellevue,modco_encombrants,,,"-1.604792,47.203766,0.000000",tous les vendredis après-midis de chaque mois.,,Infos reprises de la carte Google Maps publiée par Nantes Métropôle,,La collecte des encombrants pour l&#39;habitat vertical ou habitat collectif a lieu à cette adresse tous les vendredis après-midis de chaque mois.,,,,,,,,
stco_encombrants35,Collecte encombrants en habitat vertical - Quartier Bellevue,Bellevue,modco_encombrants,,,"-1.604546,47.205467,0.000000",tous les vendredis après-midis de chaque mois.,,Infos reprises de la carte Google Maps publiée par Nantes Métropôle,,La collecte des encombrants pour l&#39;habitat vertical ou habitat collectif a lieu à cette adresse tous les vendredis après-midis de chaque mois.,,,,,,,,
stco_encombrants36,habitat vertical ou habitat collectif a lieu à cette adresse tous les vendredi après-midis de chaque mois.,,modco_encombrants,,,"-1.605442,47.205490,0.000000",tous les vendredis après-midis de chaque mois.,,Infos reprises de la carte Google Maps publiée par Nantes Métropôle,,La collecte des encombrants pour l&#39;habitat vertical ou habitat collectif a lieu à cette adresse tous les vendredis après-midis de chaque mois.,,,,,,,,
stco_encombrants37,Collecte encombrants en habitat vertical - Quartier Bellevue,Bellevue,modco_encombrants,,,"-1.603923,47.204731,0.000000",tous les vendredis après-midis de chaque mois.,,Infos reprises de la carte Google Maps publiée par Nantes Métropôle,,La collecte des encombrants pour l&#39;habitat vertical ou habitat collectif a lieu à cette adresse tous les vendredis après-midis de chaque mois.,,,,,,,,
stco_encombrants38,Collecte encombrants en habitat vertical - Quartier Bellevue,Bellevue,modco_encombrants,,,"-1.604632,47.205021,0.000000",tous les vendredis après-midis de chaque mois.,,Infos reprises de la carte Google Maps publiée par Nantes Métropôle,,La collecte des encombrants pour l&#39;habitat vertical ou habitat collectif a lieu à cette adresse tous les vendredis après-midis de chaque mois.,,,,,,,,
stco_encombrants39,Collecte encombrants en habitat vertical - Quartier Bellevue,Bellevue,modco_encombrants,,,"-1.605345,47.206245,0.000000",tous les vendredis après-midis de chaque mois.,,Infos reprises de la carte Google Maps publiée par Nantes Métropôle,,La collecte des encombrants pour l&#39;habitat vertical ou habitat collectif a lieu à cette adresse tous les vendredis après-midis de chaque mois.,,,,,,,,
stco_encombrants40,Collecte encombrants en habitat vertical - Quartier Bellevue,Bellevue,modco_encombrants,,,"-1.605522,47.206715,0.000000",tous les vendredis après-midis de chaque mois.,,Infos reprises de la carte Google Maps publiée par Nantes Métropôle,,La collecte des encombrants pour l&#39;habitat vertical ou habitat collectif a lieu à cette adresse tous les vendredis après-midis de chaque mois.,,,,,,,,
stco_encombrants41,Collecte encombrants en habitat vertical - Quartier Bellevue,Bellevue,modco_encombrants,,,"-1.604937,47.207474,0.000000",tous les vendredis après-midis de chaque mois.,,Infos reprises de la carte Google Maps publiée par Nantes Métropôle,,La collecte des encombrants pour l&#39;habitat vertical ou habitat collectif a lieu à cette adresse tous les vendredis après-midis de chaque mois.,,,,,,,,
stco_encombrants42,Collecte encombrants en habitat vertical - Quartier Bellevue,Bellevue,modco_encombrants,,,"-1.605780,47.206127,0.000000",tous les vendredis après-midis de chaque mois.,,Infos reprises de la carte Google Maps publiée par Nantes Métropôle,,La collecte des encombrants pour l&#39;habitat vertical ou habitat collectif a lieu à cette adresse tous les vendredis après-midis de chaque mois.,,,,,,,,
stco_encombrants43,Collecte encombrants en habitat vertical - Quartier Bellevue,Bellevue,modco_encombrants,,,"-1.598001,47.206932,0.000000",les 2ème et 4ème jeudis matins de chaque mois.,,Infos reprises de la carte Google Maps publiée par Nantes Métropôle,,La collecte des encombrants pour l&#39;habitat vertical ou habitat collectif a lieu à cette adresse les 2ème et 4ème jeudis matins de chaque mois.,,,,,,,,
stco_encombrants44,Collecte encombrants en habitat vertical - Quartier Bellevue,Bellevue,modco_encombrants,,,"-1.598092,47.207485,0.000000",les 2ème et 4ème jeudis matins de chaque mois.,,Infos reprises de la carte Google Maps publiée par Nantes Métropôle,,La collecte des encombrants pour l&#39;habitat vertical ou habitat collectif a lieu à cette adresse les 2ème et 4ème jeudis matins de chaque mois.,,,,,,,,
stco_encombrants45,Collecte encombrants en habitat vertical - Quartier Bellevue,Bellevue,modco_encombrants,,,"-1.599401,47.206821,0.000000",tous les jeudis matins de chaque mois.,,Infos reprises de la carte Google Maps publiée par Nantes Métropôle,,La collecte des encombrants pour l&#39;habitat vertical ou habitat collectif a lieu à cette adresse tous les jeudis matins de chaque mois.,,,,,,,,
stco_encombrants46,Collecte encombrants en habitat vertical - Quartier Bellevue,Bellevue,modco_encombrants,,,"-1.597288,47.209042,0.000000",tous les jeudis matins de chaque mois.,,Infos reprises de la carte Google Maps publiée par Nantes Métropôle,,La collecte des encombrants pour l&#39;habitat vertical ou habitat collectif a lieu à cette adresse tous les jeudis matins de chaque mois.,,,,,,,,
stco_encombrants47,Collecte encombrants en habitat vertical - Quartier Bellevue,Bellevue,modco_encombrants,,,"-1.598103,47.206043,0.000000",les 2ème et 4ème jeudis matins de chaque mois.,,Infos reprises de la carte Google Maps publiée par Nantes Métropôle,,La collecte des encombrants pour l&#39;habitat vertical ou habitat collectif a lieu à cette adresse les 2ème et 4ème jeudis matins de chaque mois.,,,,,,,,
stco_encombrants48,Collecte encombrants en habitat vertical - Quartier Bellevue,Bellevue,modco_encombrants,,,"-1.598366,47.205345,0.000000",les 2ème et 4ème jeudis matins de chaque mois.,,Infos reprises de la carte Google Maps publiée par Nantes Métropôle,,La collecte des encombrants pour l&#39;habitat vertical ou habitat collectif a lieu à cette adresse les 2ème et 4ème jeudis matins de chaque mois.,,,,,,,,
stco_encombrants49,Collecte encombrants en habitat vertical - Quartier Bellevue,Bellevue,modco_encombrants,,,"-1.597191,47.205250,0.000000",les 2ème et 4ème jeudis matins de chaque mois.,,Infos reprises de la carte Google Maps publiée par Nantes Métropôle,,La collecte des encombrants pour l&#39;habitat vertical ou habitat collectif a lieu à cette adresse les 2ème et 4ème jeudis matins de chaque mois.,,,,,,,,
stco_encombrants50,Collecte encombrants en habitat vertical - Quartier Bellevue,Bellevue,modco_encombrants,,,"-1.596429,47.205334,0.000000",les 2ème et 4ème jeudis matins de chaque mois.,,Infos reprises de la carte Google Maps publiée par Nantes Métropôle,,La collecte des encombrants pour l&#39;habitat vertical ou habitat collectif a lieu à cette adresse les 2ème et 4ème jeudis matins de chaque mois.,,,,,,,,
stco_encombrants51,Collecte encombrants en habitat vertical - Quartier Bellevue,Bellevue,modco_encombrants,,,"-1.597905,47.204868,0.000000",les 2ème et 4ème jeudis matins de chaque mois.,,Infos reprises de la carte Google Maps publiée par Nantes Métropôle,,La collecte des encombrants pour l&#39;habitat vertical ou habitat collectif a lieu à cette adresse les 2ème et 4ème jeudis matins de chaque mois.,,,,,,,,
stco_encombrants52,Collecte encombrants en habitat vertical - Quartier Bellevue,Bellevue,modco_encombrants,,,"-1.595330,47.206646,0.000000",les 2ème et 4ème jeudis matins de chaque mois.,,Infos reprises de la carte Google Maps publiée par Nantes Métropôle,,La collecte des encombrants pour l&#39;habitat vertical ou habitat collectif a lieu à cette adresse les 2ème et 4ème jeudis matins de chaque mois.,,,,,,,,
stco_encombrants53,Collecte encombrants en habitat vertical - Quartier Bellevue,Bellevue,modco_encombrants,,,"-1.596440,47.207253,0.000000",les 2ème et 4ème jeudis matins de chaque mois.,,Infos reprises de la carte Google Maps publiée par Nantes Métropôle,,La collecte des encombrants pour l&#39;habitat vertical ou habitat collectif a lieu à cette adresse les 2ème et 4ème jeudis matins de chaque mois.,,,,,,,,
stco_encombrants54,Collecte encombrants en habitat vertical - Quartier Bellevue,Bellevue,modco_encombrants,,,"-1.596488,47.208115,0.000000",les 2ème et 4ème jeudis matins de chaque mois.,,Infos reprises de la carte Google Maps publiée par Nantes Métropôle,,La collecte des encombrants pour l&#39;habitat vertical ou habitat collectif a lieu à cette adresse les 2ème et 4ème jeudis matins de chaque mois.,,,,,,,,
stco_encombrants55,Collecte encombrants en habitat vertical - Quartier Bellevue,Bellevue,modco_encombrants,,,"-1.594359,47.209431,0.000000",tous les mercredis matins de chaque mois.,,Infos reprises de la carte Google Maps publiée par Nantes Métropôle,,La collecte des encombrants pour l&#39;habitat vertical ou habitat collectif a lieu à cette adresse tous les mercredis matins de chaque mois.,,,,,,,,
stco_encombrants56,Collecte encombrants en habitat vertical - Quartier Bellevue,Bellevue,modco_encombrants,,,"-1.594107,47.208725,0.000000",tous les mercredis matins de chaque mois.,,Infos reprises de la carte Google Maps publiée par Nantes Métropôle,,La collecte des encombrants pour l&#39;habitat vertical ou habitat collectif a lieu à cette adresse tous les mercredis matins de chaque mois.,,,,,,,,
stco_encombrants57,Collecte encombrants en habitat vertical - Quartier Bellevue,Bellevue,modco_encombrants,,,"-1.593028,47.209625,0.000000",tous les mercredis matins de chaque mois.,,Infos reprises de la carte Google Maps publiée par Nantes Métropôle,,La collecte des encombrants pour l&#39;habitat vertical ou habitat collectif a lieu à cette adresse tous les mercredis matins de chaque mois.,,,,,,,,
stco_encombrants58,Collecte encombrants en habitat vertical - Quartier Bellevue,Bellevue,modco_encombrants,,,"-1.592487,47.209740,0.000000",tous les mercredis matins de chaque mois.,,Infos reprises de la carte Google Maps publiée par Nantes Métropôle,,La collecte des encombrants pour l&#39;habitat vertical ou habitat collectif a lieu à cette adresse tous les mercredis matins de chaque mois.,,,,,,,,
stco_encombrants59,Collecte encombrants en habitat vertical - Quartier Bellevue,Bellevue,modco_encombrants,,,"-1.590244,47.209328,0.000000",tous les mercredis matins de chaque mois.,,Infos reprises de la carte Google Maps publiée par Nantes Métropôle,,La collecte des encombrants pour l&#39;habitat vertical ou habitat collectif a lieu à cette adresse tous les mercredis matins de chaque mois.,,,,,,,,
stco_encombrants60,Collecte encombrants en habitat vertical - Quartier Bellevue,Bellevue,modco_encombrants,,,"-1.591516,47.209717,0.000000",tous les mercredis matins de chaque mois.,,Infos reprises de la carte Google Maps publiée par Nantes Métropôle,,La collecte des encombrants pour l&#39;habitat vertical ou habitat collectif a lieu à cette adresse tous les mercredis matins de chaque mois.,,,,,,,,
stco_encombrants61,Collecte encombrants en habitat vertical - Quartier Bellevue,Bellevue,modco_encombrants,,,"-1.591006,47.209499,0.000000",tous les mercredis matins de chaque mois.,,Infos reprises de la carte Google Maps publiée par Nantes Métropôle,,La collecte des encombrants pour l&#39;habitat vertical ou habitat collectif a lieu à cette adresse tous les mercredis matins de chaque mois.,,,,,,,,
stco_encombrants62,Collecte encombrants en habitat vertical - Quartier Bellevue,Bellevue,modco_encombrants,,,"-1.589804,47.210236,0.000000",tous les mercredis matins de chaque mois.,,Infos reprises de la carte Google Maps publiée par Nantes Métropôle,,La collecte des encombrants pour l&#39;habitat vertical ou habitat collectif a lieu à cette adresse tous les mercredis matins de chaque mois.,,,,,,,,
stco_encombrants63,Collecte encombrants en habitat vertical - Quartier Bellevue,Bellevue,modco_encombrants,,,"-1.607614,47.200321,0.000000",tous les mercredis matins de chaque mois.,,Infos reprises de la carte Google Maps publiée par Nantes Métropôle,,La collecte des encombrants pour l&#39;habitat vertical ou habitat collectif a lieu à cette adresse tous les mercredis matins de chaque mois.,,,,,,,,
stco_encombrants64,Collecte encombrants en habitat vertical - Quartier Bellevue,Bellevue,modco_encombrants,,,"-1.606584,47.200684,0.000000",tous les mercredis matins de chaque mois.,,Infos reprises de la carte Google Maps publiée par Nantes Métropôle,,La collecte des encombrants pour l&#39;habitat vertical ou habitat collectif a lieu à cette adresse tous les mercredis matins de chaque mois.,,,,,,,,
stco_encombrants65,Collecte encombrants en habitat vertical - Quartier Bellevue,Bellevue,modco_encombrants,,,"-1.605345,47.201630,0.000000",tous les mercredis matins de chaque mois.,,Infos reprises de la carte Google Maps publiée par Nantes Métropôle,,La collecte des encombrants pour l&#39;habitat vertical ou habitat collectif a lieu à cette adresse tous les mercredis matins de chaque mois.,,,,,,,,
stco_encombrants66,Collecte encombrants en habitat vertical - Quartier Bellevue,Bellevue,modco_encombrants,,,"-1.603607,47.203072,0.000000",tous les mercredis matins de chaque mois.,,Infos reprises de la carte Google Maps publiée par Nantes Métropôle,,La collecte des encombrants pour l&#39;habitat vertical ou habitat collectif a lieu à cette adresse tous les mercredis matins de chaque mois.,,,,,,,,
stco_encombrants67,Collecte encombrants en habitat vertical - Quartier Bellevue,Bellevue,modco_encombrants,,,"-1.602405,47.202614,0.000000",tous les mercredis matins de chaque mois.,,Infos reprises de la carte Google Maps publiée par Nantes Métropôle,,La collecte des encombrants pour l&#39;habitat vertical ou habitat collectif a lieu à cette adresse tous les mercredis matins de chaque mois.,,,,,,,,
stco_encombrants68,Collecte encombrants en habitat vertical - Quartier Bellevue,Bellevue,modco_encombrants,,,"-1.600978,47.203190,0.000000",tous les mercredis matins de chaque mois.,,Infos reprises de la carte Google Maps publiée par Nantes Métropôle,,La collecte des encombrants pour l&#39;habitat vertical ou habitat collectif a lieu à cette adresse tous les mercredis matins de chaque mois.,,,,,,,,
stco_encombrants69,Collecte encombrants en habitat vertical - Quartier Bellevue,Bellevue,modco_encombrants,,,"-1.602083,47.203331,0.000000",tous les mercredis matins de chaque mois.,,Infos reprises de la carte Google Maps publiée par Nantes Métropôle,,La collecte des encombrants pour l&#39;habitat vertical ou habitat collectif a lieu à cette adresse tous les mercredis matins de chaque mois.,,,,,,,,
stco_encombrants70,Collecte encombrants en habitat vertical - Quartier Bellevue,Bellevue,modco_encombrants,,,"-1.602679,47.203579,0.000000",tous les mercredis matins de chaque mois.,,Infos reprises de la carte Google Maps publiée par Nantes Métropôle,,La collecte des encombrants pour l&#39;habitat vertical ou habitat collectif a lieu à cette adresse tous les mercredis matins de chaque mois.,,,,,,,,
stco_encombrants71,Collecte encombrants en habitat vertical - Quartier Bellevue,Bellevue,modco_encombrants,,,"-1.603049,47.203720,0.000000",tous les mercredis matins de chaque mois.,,Infos reprises de la carte Google Maps publiée par Nantes Métropôle,,La collecte des encombrants pour l&#39;habitat vertical ou habitat collectif a lieu à cette adresse tous les mercredis matins de chaque mois.,,,,,,,,
stco_encombrants72,Collecte encombrants en habitat vertical - Quartier Bellevue,Bellevue,modco_encombrants,,,"-1.602641,47.204891,0.000000",tous les mercredis matins de chaque mois.,,Infos reprises de la carte Google Maps publiée par Nantes Métropôle,,La collecte des encombrants pour l&#39;habitat vertical ou habitat collectif a lieu à cette adresse tous les mercredis matins de chaque mois.,,,,,,,,
stco_encombrants73,Collecte encombrants en habitat vertical - Quartier Bellevue,Bellevue,modco_encombrants,,,"-1.603296,47.204086,0.000000",tous les mercredis matins de chaque mois.,,Infos reprises de la carte Google Maps publiée par Nantes Métropôle,,La collecte des encombrants pour l&#39;habitat vertical ou habitat collectif a lieu à cette adresse tous les mercredis matins de chaque mois.,,,,,,,,
stco_encombrants74,Collecte encombrants en habitat vertical - Quartier Bellevue,Bellevue,modco_encombrants,,,"-1.603033,47.204460,0.000000",tous les mercredis matins de chaque mois.,,Infos reprises de la carte Google Maps publiée par Nantes Métropôle,,La collecte des encombrants pour l&#39;habitat vertical ou habitat collectif a lieu à cette adresse tous les mercredis matins de chaque mois.,,,,,,,,
stco_encombrants75,Collecte encombrants en habitat vertical - Quartier Bellevue,Bellevue,modco_encombrants,,,"-1.610146,47.209972,0.000000",les 1er et 3ème jeudis matins de chaque mois.,,Infos reprises de la carte Google Maps publiée par Nantes Métropôle,,La collecte des encombrants pour l&#39;habitat vertical ou habitat collectif a lieu à cette adresse les 1er et 3ème jeudis matins de chaque mois.,,,,,,,,
stco_encombrants76,Collecte encombrants en habitat vertical - Quartier Bellevue,Bellevue,modco_encombrants,,,"-1.611139,47.208851,0.000000",les 1er et 3ème jeudis matins de chaque mois.,,Infos reprises de la carte Google Maps publiée par Nantes Métropôle,,La collecte des encombrants pour l&#39;habitat vertical ou habitat collectif a lieu à cette adresse les 1er et 3ème jeudis matins de chaque mois.,,,,,,,,
stco_encombrants77,Collecte encombrants en habitat vertical - Quartier Bellevue,Bellevue,modco_encombrants,,,"-1.611841,47.209599,0.000000",les 1er et 3ème jeudis matins de chaque mois.,,Infos reprises de la carte Google Maps publiée par Nantes Métropôle,,La collecte des encombrants pour l&#39;habitat vertical ou habitat collectif a lieu à cette adresse les 1er et 3ème jeudis matins de chaque mois.,,,,,,,,
stco_encombrants78,Collecte encombrants en habitat vertical - Quartier Bottière,Bottière,modco_encombrants,,,"-1.519386,47.242218,0.000000",tous les jeudis matins de chaque mois.,,Infos reprises de la carte Google Maps publiée par Nantes Métropôle,,La collecte des encombrants pour l&#39;habitat vertical ou habitat collectif a lieu à cette adresse tous les jeudis matins de chaque mois.,,,,,,,,
stco_encombrants79,Collecte encombrants en habitat vertical - Quartier Bottière,Bottière,modco_encombrants,,,"-1.518356,47.242970,0.000000",tous les jeudis matins de chaque mois.,,Infos reprises de la carte Google Maps publiée par Nantes Métropôle,,La collecte des encombrants pour l&#39;habitat vertical ou habitat collectif a lieu à cette adresse tous les jeudis matins de chaque mois.,,,,,,,,
stco_encombrants80,Collecte encombrants en habitat vertical - Quartier Bottière,Bottière,modco_encombrants,,,"-1.519600,47.241409,0.000000",tous les jeudis matins de chaque mois.,,Infos reprises de la carte Google Maps publiée par Nantes Métropôle,,La collecte des encombrants pour l&#39;habitat vertical ou habitat collectif a lieu à cette adresse tous les jeudis matins de chaque mois.,,,,,,,,
stco_encombrants81,Collecte encombrants en habitat vertical - Quartier Bottière,Bottière,modco_encombrants,,,"-1.517637,47.240906,0.000000",tous les jeudis matins de chaque mois.,,Infos reprises de la carte Google Maps publiée par Nantes Métropôle,,La collecte des encombrants pour l&#39;habitat vertical ou habitat collectif a lieu à cette adresse tous les jeudis matins de chaque mois.,,,,,,,,
stco_encombrants82,Collecte encombrants en habitat vertical - Quartier Bottière,Bottière,modco_encombrants,,,"-1.517594,47.241848,0.000000",tous les jeudis matins de chaque mois.,,Infos reprises de la carte Google Maps publiée par Nantes Métropôle,,La collecte des encombrants pour l&#39;habitat vertical ou habitat collectif a lieu à cette adresse tous les jeudis matins de chaque mois.,,,,,,,,
stco_encombrants83,Collecte encombrants en habitat vertical - Quartier Bottière,Bottière,modco_encombrants,,,"-1.521113,47.240387,0.000000",tous les jeudis matins de chaque mois.,,Infos reprises de la carte Google Maps publiée par Nantes Métropôle,,La collecte des encombrants pour l&#39;habitat vertical ou habitat collectif a lieu à cette adresse tous les jeudis matins de chaque mois.,,,,,,,,
stco_encombrants84,Collecte encombrants en habitat vertical - Quartier Bottière,Bottière,modco_encombrants,,,"-1.519257,47.240005,0.000000",tous les jeudis matins de chaque mois.,,Infos reprises de la carte Google Maps publiée par Nantes Métropôle,,La collecte des encombrants pour l&#39;habitat vertical ou habitat collectif a lieu à cette adresse tous les jeudis matins de chaque mois.,,,,,,,,
stco_encombrants85,Collecte encombrants en habitat vertical - Quartier Bottière,Bottière,modco_encombrants,,,"-1.518742,47.239754,0.000000",tous les jeudis après-midis de chaque mois.,,Infos reprises de la carte Google Maps publiée par Nantes Métropôle,,La collecte des encombrants pour l&#39;habitat vertical ou habitat collectif a lieu à cette adresse tous les jeudis après-midis de chaque mois.,,,,,,,,
stco_encombrants86,Collecte encombrants en habitat vertical - Quartier Bottière,Bottière,modco_encombrants,,,"-1.517508,47.239338,0.000000",tous les jeudis après-midis de chaque mois.,,Infos reprises de la carte Google Maps publiée par Nantes Métropôle,,La collecte des encombrants pour l&#39;habitat vertical ou habitat collectif a lieu à cette adresse tous les jeudis après-midis de chaque mois.,,,,,,,,
stco_encombrants87,Collecte encombrants en habitat vertical - Quartier Bottière,Bottière,modco_encombrants,,,"-1.517090,47.238655,0.000000",tous les jeudis après-midis de chaque mois.,,Infos reprises de la carte Google Maps publiée par Nantes Métropôle,,La collecte des encombrants pour l&#39;habitat vertical ou habitat collectif a lieu à cette adresse tous les jeudis après-midis de chaque mois.,,,,,,,,
stco_encombrants88,Collecte encombrants en habitat vertical - Quartier Bottière,Bottière,modco_encombrants,,,"-1.518570,47.238266,0.000000",tous les jeudis après-midis de chaque mois.,,Infos reprises de la carte Google Maps publiée par Nantes Métropôle,,La collecte des encombrants pour l&#39;habitat vertical ou habitat collectif a lieu à cette adresse tous les jeudis après-midis de chaque mois.,,,,,,,,
stco_encombrants89,Collecte encombrants en habitat vertical - Quartier Bottière,Bottière,modco_encombrants,,,"-1.518136,47.238369,0.000000",tous les jeudis après-midis de chaque mois.,,Infos reprises de la carte Google Maps publiée par Nantes Métropôle,,La collecte des encombrants pour l&#39;habitat vertical ou habitat collectif a lieu à cette adresse tous les jeudis après-midis de chaque mois.,,,,,,,,
stco_encombrants90,Collecte encombrants en habitat vertical - Quartier Bottière,Bottière,modco_encombrants,,,"-1.520442,47.236340,0.000000",tous les jeudis après-midis de chaque mois.,,Infos reprises de la carte Google Maps publiée par Nantes Métropôle,,La collecte des encombrants pour l&#39;habitat vertical ou habitat collectif a lieu à cette adresse tous les jeudis après-midis de chaque mois.,,,,,,,,
stco_encombrants91,Collecte encombrants en habitat vertical - Quartier Bottière,Bottière,modco_encombrants,,,"-1.519488,47.236855,0.000000",tous les jeudis après-midis de chaque mois.,,Infos reprises de la carte Google Maps publiée par Nantes Métropôle,,La collecte des encombrants pour l&#39;habitat vertical ou habitat collectif a lieu à cette adresse tous les jeudis après-midis de chaque mois.,,,,,,,,
stco_encombrants92,Collecte encombrants en habitat vertical - Quartier Bottière,Bottière,modco_encombrants,,,"-1.521649,47.235676,0.000000",tous les jeudis après-midis de chaque mois.,,Infos reprises de la carte Google Maps publiée par Nantes Métropôle,,La collecte des encombrants pour l&#39;habitat vertical ou habitat collectif a lieu à cette adresse tous les jeudis après-midis de chaque mois.,,,,,,,,
stco_encombrants93,Collecte encombrants en habitat vertical - Quartier Bottière,Bottière,modco_encombrants,,,"-1.519895,47.237782,0.000000",tous les jeudis après-midis de chaque mois.,,Infos reprises de la carte Google Maps publiée par Nantes Métropôle,,La collecte des encombrants pour l&#39;habitat vertical ou habitat collectif a lieu à cette adresse tous les jeudis après-midis de chaque mois.,,,,,,,,
stco_encombrants94,Collecte encombrants en habitat vertical - Quartier Bottière,Bottière,modco_encombrants,,,"-1.520668,47.238323,0.000000",tous les jeudis après-midis de chaque mois.,,Infos reprises de la carte Google Maps publiée par Nantes Métropôle,,La collecte des encombrants pour l&#39;habitat vertical ou habitat collectif a lieu à cette adresse tous les jeudis après-midis de chaque mois.,,,,,,,,
stco_encombrants95,Collecte encombrants en habitat vertical - Quartier Bottière,Bottière,modco_encombrants,,,"-1.519724,47.238178,0.000000",tous les jeudis après-midis de chaque mois.,,Infos reprises de la carte Google Maps publiée par Nantes Métropôle,,La collecte des encombrants pour l&#39;habitat vertical ou habitat collectif a lieu à cette adresse tous les jeudis après-midis de chaque mois.,,,,,,,,
stco_encombrants96,Collecte encombrants en habitat vertical - Quartier Bottière,Bottière,modco_encombrants,,,"-1.517953,47.237591,0.000000",tous les jeudis après-midis de chaque mois.,,Infos reprises de la carte Google Maps publiée par Nantes Métropôle,,La collecte des encombrants pour l&#39;habitat vertical ou habitat collectif a lieu à cette adresse tous les jeudis après-midis de chaque mois.,,,,,,,,
stco_encombrants97,Collecte encombrants en habitat vertical - Quartier Bottière,Bottière,modco_encombrants,,,"-1.523827,47.241196,0.000000",tous les lundis après-midis de chaque mois.,,Infos reprises de la carte Google Maps publiée par Nantes Métropôle,,La collecte des encombrants pour l&#39;habitat vertical ou habitat collectif a lieu à cette adresse tous les lundis après-midis de chaque mois.,,,,,,,,
stco_encombrants98,Collecte encombrants en habitat vertical - Quartier Bottière,Bottière,modco_encombrants,,,"-1.521311,47.240845,0.000000",tous les lundis après-midis de chaque mois.,,Infos reprises de la carte Google Maps publiée par Nantes Métropôle,,La collecte des encombrants pour l&#39;habitat vertical ou habitat collectif a lieu à cette adresse tous les lundis après-midis de chaque mois.,,,,,,,,
stco_encombrants99,Collecte encombrants en habitat vertical - Quartier Bottière,Bottière,modco_encombrants,,,"-1.522631,47.241859,0.000000",tous les lundis après-midis de chaque mois.,,Infos reprises de la carte Google Maps publiée par Nantes Métropôle,,La collecte des encombrants pour l&#39;habitat vertical ou habitat collectif a lieu à cette adresse tous les lundis après-midis de chaque mois.,,,,,,,,
stco_encombrants100,Collecte encombrants en habitat vertical - Quartier Bottière,Bottière,modco_encombrants,,,"-1.521998,47.242607,0.000000",tous les lundis après-midis de chaque mois.,,Infos reprises de la carte Google Maps publiée par Nantes Métropôle,,La collecte des encombrants pour l&#39;habitat vertical ou habitat collectif a lieu à cette adresse tous les lundis après-midis de chaque mois.,,,,,,,,
stco_encombrants101,Collecte encombrants en habitat vertical - Quartier Bottière,Bottière,modco_encombrants,,,"-1.521682,47.243763,0.000000",tous les lundis après-midis de chaque mois.,,Infos reprises de la carte Google Maps publiée par Nantes Métropôle,,La collecte des encombrants pour l&#39;habitat vertical ou habitat collectif a lieu à cette adresse tous les lundis après-midis de chaque mois.,,,,,,,,
stco_encombrants102,Collecte encombrants en habitat vertical - Quartier Bottière,Bottière,modco_encombrants,,,"-1.520936,47.244125,0.000000",tous les lundis après-midis de chaque mois.,,Infos reprises de la carte Google Maps publiée par Nantes Métropôle,,La collecte des encombrants pour l&#39;habitat vertical ou habitat collectif a lieu à cette adresse tous les lundis après-midis de chaque mois.,,,,,,,,
stco_encombrants103,Collecte encombrants en habitat vertical - Quartier Bottière,Bottière,modco_encombrants,,,"-1.519600,47.243431,0.000000",tous les lundis après-midis de chaque mois.,,Infos reprises de la carte Google Maps publiée par Nantes Métropôle,,La collecte des encombrants pour l&#39;habitat vertical ou habitat collectif a lieu à cette adresse tous les lundis après-midis de chaque mois.,,,,,,,,
stco_encombrants104,Collecte encombrants en habitat vertical - Quartier Bottière,Bottière,modco_encombrants,,,"-1.518865,47.245064,0.000000",tous les lundis après-midis de chaque mois.,,Infos reprises de la carte Google Maps publiée par Nantes Métropôle,,La collecte des encombrants pour l&#39;habitat vertical ou habitat collectif a lieu à cette adresse tous les lundis après-midis de chaque mois.,,,,,,,,
stco_encombrants105,Collecte encombrants en habitat vertical - Quartier Bottière,Bottière,modco_encombrants,,,"-1.518431,47.243790,0.000000",tous les lundis après-midis de chaque mois.,,Infos reprises de la carte Google Maps publiée par Nantes Métropôle,,La collecte des encombrants pour l&#39;habitat vertical ou habitat collectif a lieu à cette adresse tous les lundis après-midis de chaque mois.,,,,,,,,
stco_encombrants106,Collecte encombrants en habitat vertical - Quartier Bottière,Bottière,modco_encombrants,,,"-1.512514,47.245903,0.000000",tous les lundis après-midis de chaque mois.,,Infos reprises de la carte Google Maps publiée par Nantes Métropôle,,La collecte des encombrants pour l&#39;habitat vertical ou habitat collectif a lieu à cette adresse tous les lundis après-midis de chaque mois.,,,,,,,,
stco_encombrants107,Collecte encombrants en habitat vertical - Quartier Bottière,Bottière,modco_encombrants,,,"-1.512567,47.246925,0.000000",tous les lundis après-midis de chaque mois.,,Infos reprises de la carte Google Maps publiée par Nantes Métropôle,,La collecte des encombrants pour l&#39;habitat vertical ou habitat collectif a lieu à cette adresse tous les lundis après-midis de chaque mois.,,,,,,,,
stco_encombrants108,Collecte encombrants en habitat vertical - Quartier Breil,Breil,modco_encombrants,,,"-1.590754,47.231232,0.000000",tous les mardis matins de chaque mois.,,Infos reprises de la carte Google Maps publiée par Nantes Métropôle,,La collecte des encombrants pour l&#39;habitat vertical ou habitat collectif a lieu à cette adresse tous les mardis matins de chaque mois.,,,,,,,,
stco_encombrants109,Collecte encombrants en habitat vertical - Quartier Breil,Breil,modco_encombrants,,,"-1.590384,47.230988,0.000000",tous les mardis matins de chaque mois.,,Infos reprises de la carte Google Maps publiée par Nantes Métropôle,,La collecte des encombrants pour l&#39;habitat vertical ou habitat collectif a lieu à cette adresse tous les mardis matins de chaque mois.,,,,,,,,
stco_encombrants110,Collecte encombrants en habitat vertical - Quartier Breil,Breil,modco_encombrants,,,"-1.587610,47.232151,0.000000",tous les mardis matins de chaque mois.,,Infos reprises de la carte Google Maps publiée par Nantes Métropôle,,La collecte des encombrants pour l&#39;habitat vertical ou habitat collectif a lieu à cette adresse tous les mardis matins de chaque mois.,,,,,,,,
stco_encombrants111,Collecte encombrants en habitat vertical - Quartier Breil,Breil,modco_encombrants,,,"-1.587170,47.231129,0.000000",tous les mardis matins de chaque mois.,,Infos reprises de la carte Google Maps publiée par Nantes Métropôle,,La collecte des encombrants pour l&#39;habitat vertical ou habitat collectif a lieu à cette adresse tous les mardis matins de chaque mois.,,,,,,,,
stco_encombrants112,Collecte encombrants en habitat vertical - Quartier Breil,Breil,modco_encombrants,,,"-1.587455,47.230881,0.000000",tous les mardis matins de chaque mois.,,Infos reprises de la carte Google Maps publiée par Nantes Métropôle,,La collecte des encombrants pour l&#39;habitat vertical ou habitat collectif a lieu à cette adresse tous les mardis matins de chaque mois.,,,,,,,,
stco_encombrants113,Collecte encombrants en habitat vertical - Quartier Breil,Breil,modco_encombrants,,,"-1.588034,47.231335,0.000000",tous les mardis matins de chaque mois.,,Infos reprises de la carte Google Maps publiée par Nantes Métropôle,,La collecte des encombrants pour l&#39;habitat vertical ou habitat collectif a lieu à cette adresse tous les mardis matins de chaque mois.,,,,,,,,
stco_encombrants114,Collecte encombrants en habitat vertical - Quartier Breil,Breil,modco_encombrants,,,"-1.588538,47.230873,0.000000",tous les mardis matins de chaque mois.,,Infos reprises de la carte Google Maps publiée par Nantes Métropôle,,La collecte des encombrants pour l&#39;habitat vertical ou habitat collectif a lieu à cette adresse tous les mardis matins de chaque mois.,,,,,,,,
stco_encombrants115,Collecte encombrants en habitat vertical - Quartier Breil,Breil,modco_encombrants,,,"-1.588002,47.231750,0.000000",tous les mardis matins de chaque mois.,,Infos reprises de la carte Google Maps publiée par Nantes Métropôle,,La collecte des encombrants pour l&#39;habitat vertical ou habitat collectif a lieu à cette adresse tous les mardis matins de chaque mois.,,,,,,,,
stco_encombrants116,Collecte encombrants en habitat vertical - Quartier Breil,Breil,modco_encombrants,,,"-1.586564,47.231617,0.000000",tous les mardis matins de chaque mois.,,Infos reprises de la carte Google Maps publiée par Nantes Métropôle,,La collecte des encombrants pour l&#39;habitat vertical ou habitat collectif a lieu à cette adresse tous les mardis matins de chaque mois.,,,,,,,,
stco_encombrants117,Collecte encombrants en habitat vertical - Quartier Breil,Breil,modco_encombrants,,,"-1.586114,47.232037,0.000000",tous les mardis matins de chaque mois.,,Infos reprises de la carte Google Maps publiée par Nantes Métropôle,,La collecte des encombrants pour l&#39;habitat vertical ou habitat collectif a lieu à cette adresse tous les mardis matins de chaque mois.,,,,,,,,
stco_encombrants118,Collecte encombrants en habitat vertical - Quartier Breil,Breil,modco_encombrants,,,"-1.586505,47.233101,0.000000",tous les mardis après-midis de chaque mois.,,Infos reprises de la carte Google Maps publiée par Nantes Métropôle,,La collecte des encombrants pour l&#39;habitat vertical ou habitat collectif a lieu à cette adresse tous les mardis après-midis de chaque mois.,,,,,,,,
stco_encombrants119,Collecte encombrants en habitat vertical - Quartier Breil,Breil,modco_encombrants,,,"-1.585169,47.232716,0.000000",tous les mardis après-midis de chaque mois.,,Infos reprises de la carte Google Maps publiée par Nantes Métropôle,,La collecte des encombrants pour l&#39;habitat vertical ou habitat collectif a lieu à cette adresse tous les mardis après-midis de chaque mois.,,,,,,,,
stco_encombrants120,Collecte encombrants en habitat vertical - Quartier Breil,Breil,modco_encombrants,,,"-1.585861,47.233360,0.000000",tous les mardis après-midis de chaque mois.,,Infos reprises de la carte Google Maps publiée par Nantes Métropôle,,La collecte des encombrants pour l&#39;habitat vertical ou habitat collectif a lieu à cette adresse tous les mardis après-midis de chaque mois.,,,,,,,,
stco_encombrants121,Collecte encombrants en habitat vertical - Quartier Breil,Breil,modco_encombrants,,,"-1.585888,47.233128,0.000000",tous les mardis après-midis de chaque mois.,,Infos reprises de la carte Google Maps publiée par Nantes Métropôle,,La collecte des encombrants pour l&#39;habitat vertical ou habitat collectif a lieu à cette adresse tous les mardis après-midis de chaque mois.,,,,,,,,
stco_encombrants122,Collecte encombrants en habitat vertical - Quartier Breil,Breil,modco_encombrants,,,"-1.585368,47.231560,0.000000",tous les mardis après-midis de chaque mois.,,Infos reprises de la carte Google Maps publiée par Nantes Métropôle,,La collecte des encombrants pour l&#39;habitat vertical ou habitat collectif a lieu à cette adresse tous les mardis après-midis de chaque mois.,,,,,,,,
stco_encombrants123,Collecte encombrants en habitat vertical - Quartier Breil,Breil,modco_encombrants,,,"-1.584386,47.231300,0.000000",tous les mardis après-midis de chaque mois.,,Infos reprises de la carte Google Maps publiée par Nantes Métropôle,,La collecte des encombrants pour l&#39;habitat vertical ou habitat collectif a lieu à cette adresse tous les mardis après-midis de chaque mois.,,,,,,,,
stco_encombrants124,Collecte encombrants en habitat vertical - Quartier Breil,Breil,modco_encombrants,,,"-1.584021,47.230919,0.000000",tous les mardis après-midis de chaque mois.,,Infos reprises de la carte Google Maps publiée par Nantes Métropôle,,La collecte des encombrants pour l&#39;habitat vertical ou habitat collectif a lieu à cette adresse tous les mardis après-midis de chaque mois.,,,,,,,,
stco_encombrants125,Collecte encombrants en habitat vertical - Quartier Breil,Breil,modco_encombrants,,,"-1.583270,47.231407,0.000000",tous les mardis après-midis de chaque mois.,,Infos reprises de la carte Google Maps publiée par Nantes Métropôle,,La collecte des encombrants pour l&#39;habitat vertical ou habitat collectif a lieu à cette adresse tous les mardis après-midis de chaque mois.,,,,,,,,
stco_encombrants126,Collecte encombrants en habitat vertical - Quartier Breil,Breil,modco_encombrants,,,"-1.583694,47.231655,0.000000",tous les mardis après-midis de chaque mois.,,Infos reprises de la carte Google Maps publiée par Nantes Métropôle,,La collecte des encombrants pour l&#39;habitat vertical ou habitat collectif a lieu à cette adresse tous les mardis après-midis de chaque mois.,,,,,,,,
stco_encombrants127,Collecte encombrants en habitat vertical - Quartier Breil,Breil,modco_encombrants,,,"-1.584263,47.231983,0.000000",tous les mardis après-midis de chaque mois.,,Infos reprises de la carte Google Maps publiée par Nantes Métropôle,,La collecte des encombrants pour l&#39;habitat vertical ou habitat collectif a lieu à cette adresse tous les mardis après-midis de chaque mois.,,,,,,,,
stco_encombrants128,Collecte encombrants en habitat vertical - Quartier Breil,Breil,modco_encombrants,,,"-1.584848,47.231964,0.000000",tous les mardis après-midis de chaque mois.,,Infos reprises de la carte Google Maps publiée par Nantes Métropôle,,La collecte des encombrants pour l&#39;habitat vertical ou habitat collectif a lieu à cette adresse tous les mardis après-midis de chaque mois.,,,,,,,,
stco_encombrants129,Collecte encombrants en habitat vertical - Quartier Breil,Breil,modco_encombrants,,,"-1.585062,47.231834,0.000000",tous les mardis après-midis de chaque mois.,,Infos reprises de la carte Google Maps publiée par Nantes Métropôle,,La collecte des encombrants pour l&#39;habitat vertical ou habitat collectif a lieu à cette adresse tous les mardis après-midis de chaque mois.,,,,,,,,
stco_encombrants130,Collecte encombrants en habitat vertical - Quartier Breil,Breil,modco_encombrants,,,"-1.585599,47.229721,0.000000",tous les mardis après-midis de chaque mois.,,Infos reprises de la carte Google Maps publiée par Nantes Métropôle,,La collecte des encombrants pour l&#39;habitat vertical ou habitat collectif a lieu à cette adresse tous les mardis après-midis de chaque mois.,,,,,,,,
stco_encombrants131,Collecte encombrants en habitat vertical - Quartier Breil,Breil,modco_encombrants,,,"-1.585416,47.230080,0.000000",tous les mardis après-midis de chaque mois.,,Infos reprises de la carte Google Maps publiée par Nantes Métropôle,,La collecte des encombrants pour l&#39;habitat vertical ou habitat collectif a lieu à cette adresse tous les mardis après-midis de chaque mois.,,,,,,,,
stco_encombrants132,Collecte encombrants en habitat vertical - Quartier Breil,Breil,modco_encombrants,,,"-1.585057,47.230099,0.000000",tous les mardis après-midis de chaque mois.,,Infos reprises de la carte Google Maps publiée par Nantes Métropôle,,La collecte des encombrants pour l&#39;habitat vertical ou habitat collectif a lieu à cette adresse tous les mardis après-midis de chaque mois.,,,,,,,,
stco_encombrants133,Collecte encombrants en habitat vertical - Quartier Breil,Breil,modco_encombrants,,,"-1.584933,47.230461,0.000000",tous les mardis après-midis de chaque mois.,,Infos reprises de la carte Google Maps publiée par Nantes Métropôle,,La collecte des encombrants pour l&#39;habitat vertical ou habitat collectif a lieu à cette adresse tous les mardis après-midis de chaque mois.,,,,,,,,
stco_encombrants134,Collecte encombrants en habitat vertical - Quartier Breil,Breil,modco_encombrants,,,"-1.584424,47.230625,0.000000",tous les mardis après-midis de chaque mois.,,Infos reprises de la carte Google Maps publiée par Nantes Métropôle,,La collecte des encombrants pour l&#39;habitat vertical ou habitat collectif a lieu à cette adresse tous les mardis après-midis de chaque mois.,,,,,,,,
stco_encombrants135,Collecte encombrants en habitat vertical - Quartier Breil,Breil,modco_encombrants,,,"-1.588898,47.231030,0.000000",tous les mercredis après-midis de chaque mois.,,Infos reprises de la carte Google Maps publiée par Nantes Métropôle,,La collecte des encombrants pour l&#39;habitat vertical ou habitat collectif a lieu à cette adresse tous les mercredis après-midis de chaque mois.,,,,,,,,
stco_encombrants136,Collecte encombrants en habitat vertical - Quartier Breil,Breil,modco_encombrants,,,"-1.588131,47.230618,0.000000",tous les mercredis après-midis de chaque mois.,,Infos reprises de la carte Google Maps publiée par Nantes Métropôle,,La collecte des encombrants pour l&#39;habitat vertical ou habitat collectif a lieu à cette adresse tous les mercredis après-midis de chaque mois.,,,,,,,,
stco_encombrants137,Collecte encombrants en habitat vertical - Quartier Breil,Breil,modco_encombrants,,,"-1.587396,47.230206,0.000000",tous les mercredis après-midis de chaque mois.,,Infos reprises de la carte Google Maps publiée par Nantes Métropôle,,La collecte des encombrants pour l&#39;habitat vertical ou habitat collectif a lieu à cette adresse tous les mercredis après-midis de chaque mois.,,,,,,,,
stco_encombrants138,Collecte encombrants en habitat vertical - Quartier Breil,Breil,modco_encombrants,,,"-1.589203,47.229824,0.000000",tous les mercredis après-midis de chaque mois.,,Infos reprises de la carte Google Maps publiée par Nantes Métropôle,,La collecte des encombrants pour l&#39;habitat vertical ou habitat collectif a lieu à cette adresse tous les mercredis après-midis de chaque mois.,,,,,,,,
stco_encombrants139,Collecte encombrants en habitat vertical - Quartier Breil,Breil,modco_encombrants,,,"-1.588705,47.229538,0.000000",tous les mercredis après-midis de chaque mois.,,Infos reprises de la carte Google Maps publiée par Nantes Métropôle,,La collecte des encombrants pour l&#39;habitat vertical ou habitat collectif a lieu à cette adresse tous les mercredis après-midis de chaque mois.,,,,,,,,
stco_encombrants140,Collecte encombrants en habitat vertical - Quartier Breil,Breil,modco_encombrants,,,"-1.589965,47.230213,0.000000",tous les mercredis après-midis de chaque mois.,,Infos reprises de la carte Google Maps publiée par Nantes Métropôle,,La collecte des encombrants pour l&#39;habitat vertical ou habitat collectif a lieu à cette adresse tous les mercredis après-midis de chaque mois.,,,,,,,,
stco_encombrants141,Collecte encombrants en habitat vertical - Quartier Breil,Breil,modco_encombrants,,,"-1.588367,47.229198,0.000000",tous les mercredis après-midis de chaque mois.,,Infos reprises de la carte Google Maps publiée par Nantes Métropôle,,La collecte des encombrants pour l&#39;habitat vertical ou habitat collectif a lieu à cette adresse tous les mercredis après-midis de chaque mois.,,,,,,,,
stco_encombrants142,Collecte encombrants en habitat vertical - Quartier Breil,Breil,modco_encombrants,,,"-1.585218,47.229046,0.000000",tous les mercredis après-midis de chaque mois.,,Infos reprises de la carte Google Maps publiée par Nantes Métropôle,,La collecte des encombrants pour l&#39;habitat vertical ou habitat collectif a lieu à cette adresse tous les mercredis après-midis de chaque mois.,,,,,,,,
stco_encombrants143,Collecte encombrants en habitat vertical - Quartier Breil,Breil,modco_encombrants,,,"-1.585143,47.228081,0.000000",tous les mercredis après-midis de chaque mois.,,Infos reprises de la carte Google Maps publiée par Nantes Métropôle,,La collecte des encombrants pour l&#39;habitat vertical ou habitat collectif a lieu à cette adresse tous les mercredis après-midis de chaque mois.,,,,,,,,
stco_encombrants144,Collecte encombrants en habitat vertical - Quartier Clos Toreau,Clos Toreau,modco_encombrants,,,"-1.529235,47.195530,0.000000",tous les lundis matins de chaque mois.,,Infos reprises de la carte Google Maps publiée par Nantes Métropôle,,La collecte des encombrants pour l&#39;habitat vertical ou habitat collectif a lieu à cette adresse tous les lundis matins de chaque mois.,,,,,,,,
stco_encombrants145,Collecte encombrants en habitat vertical - Quartier Clos Toreau,Clos Toreau,modco_encombrants,,,"-1.528891,47.194843,0.000000",tous les lundis matins de chaque mois.,,Infos reprises de la carte Google Maps publiée par Nantes Métropôle,,La collecte des encombrants pour l&#39;habitat vertical ou habitat collectif a lieu à cette adresse tous les lundis matins de chaque mois.,,,,,,,,
stco_encombrants146,Collecte encombrants en habitat vertical - Quartier Clos Toreau,Clos Toreau,modco_encombrants,,,"-1.530168,47.196274,0.000000",tous les lundis matins de chaque mois.,,Infos reprises de la carte Google Maps publiée par Nantes Métropôle,,La collecte des encombrants pour l&#39;habitat vertical ou habitat collectif a lieu à cette adresse tous les lundis matins de chaque mois.,,,,,,,,
stco_encombrants147,Collecte encombrants en habitat vertical - Quartier Clos Toreau,Clos Toreau,modco_encombrants,,,"-1.527647,47.195984,0.000000",tous les lundis matins de chaque mois.,,Infos reprises de la carte Google Maps publiée par Nantes Métropôle,,La collecte des encombrants pour l&#39;habitat vertical ou habitat collectif a lieu à cette adresse tous les lundis matins de chaque mois.,,,,,,,,
stco_encombrants148,Collecte encombrants en habitat vertical - Quartier Clos Toreau,Clos Toreau,modco_encombrants,,,"-1.527014,47.195580,0.000000",tous les lundis matins de chaque mois.,,Infos reprises de la carte Google Maps publiée par Nantes Métropôle,,La collecte des encombrants pour l&#39;habitat vertical ou habitat collectif a lieu à cette adresse tous les lundis matins de chaque mois.,,,,,,,,
stco_encombrants149,Collecte encombrants en habitat vertical - Quartier Clos Toreau,Clos Toreau,modco_encombrants,,,"-1.526005,47.195206,0.000000",tous les lundis matins de chaque mois.,,Infos reprises de la carte Google Maps publiée par Nantes Métropôle,,La collecte des encombrants pour l&#39;habitat vertical ou habitat collectif a lieu à cette adresse tous les lundis matins de chaque mois.,,,,,,,,
stco_encombrants150,Collecte encombrants en habitat vertical - Quartier Dervallières,Dervallières,modco_encombrants,,,"-1.601923,47.221069,0.000000",tous les mardis matins de chaque mois.,,Infos reprises de la carte Google Maps publiée par Nantes Métropôle,,La collecte des encombrants pour l&#39;habitat vertical ou habitat collectif a lieu à cette adresse tous les mardis matins de chaque mois.,,,,,,,,
stco_encombrants151,Collecte encombrants en habitat vertical - Quartier Dervallières,Dervallières,modco_encombrants,,,"-1.602620,47.222118,0.000000",tous les mardis matins de chaque mois.,,Infos reprises de la carte Google Maps publiée par Nantes Métropôle,,La collecte des encombrants pour l&#39;habitat vertical ou habitat collectif a lieu à cette adresse tous les mardis matins de chaque mois.,,,,,,,,
stco_encombrants152,Collecte encombrants en habitat vertical - Quartier Dervallières,Dervallières,modco_encombrants,,,"-1.601536,47.222382,0.000000",tous les mardis matins de chaque mois.,,Infos reprises de la carte Google Maps publiée par Nantes Métropôle,,La collecte des encombrants pour l&#39;habitat vertical ou habitat collectif a lieu à cette adresse tous les mardis matins de chaque mois.,,,,,,,,
stco_encombrants153,Collecte encombrants en habitat vertical - Quartier Dervallières,Dervallières,modco_encombrants,,,"-1.599938,47.223221,0.000000",tous les mardis matins de chaque mois.,,Infos reprises de la carte Google Maps publiée par Nantes Métropôle,,La collecte des encombrants pour l&#39;habitat vertical ou habitat collectif a lieu à cette adresse tous les mardis matins de chaque mois.,,,,,,,,
stco_encombrants154,Collecte encombrants en habitat vertical - Quartier Dervallières,Dervallières,modco_encombrants,,,"-1.598629,47.223232,0.000000",tous les mardis matins de chaque mois.,,Infos reprises de la carte Google Maps publiée par Nantes Métropôle,,La collecte des encombrants pour l&#39;habitat vertical ou habitat collectif a lieu à cette adresse tous les mardis matins de chaque mois.,,,,,,,,
stco_encombrants155,Collecte encombrants en habitat vertical - Quartier Dervallières,Dervallières,modco_encombrants,,,"-1.600935,47.223141,0.000000",tous les mardis matins de chaque mois.,,Infos reprises de la carte Google Maps publiée par Nantes Métropôle,,La collecte des encombrants pour l&#39;habitat vertical ou habitat collectif a lieu à cette adresse tous les mardis matins de chaque mois.,,,,,,,,
stco_encombrants156,Collecte encombrants en habitat vertical - Quartier Dervallières,Dervallières,modco_encombrants,,,"-1.601965,47.224888,0.000000",tous les mardis après-midis de chaque mois.,,Infos reprises de la carte Google Maps publiée par Nantes Métropôle,,La collecte des encombrants pour l&#39;habitat vertical ou habitat collectif a lieu à cette adresse tous les mardis après-midis de chaque mois.,,,,,,,,
stco_encombrants157,Collecte encombrants en habitat vertical - Quartier Dervallières,Dervallières,modco_encombrants,,,"-1.601290,47.224552,0.000000",tous les mardis après-midis de chaque mois.,,Infos reprises de la carte Google Maps publiée par Nantes Métropôle,,La collecte des encombrants pour l&#39;habitat vertical ou habitat collectif a lieu à cette adresse tous les mardis après-midis de chaque mois.,,,,,,,,
stco_encombrants158,Collecte encombrants en habitat vertical - Quartier Dervallières,Dervallières,modco_encombrants,,,"-1.599391,47.225258,0.000000",tous les mardis après-midis de chaque mois.,,Infos reprises de la carte Google Maps publiée par Nantes Métropôle,,La collecte des encombrants pour l&#39;habitat vertical ou habitat collectif a lieu à cette adresse tous les mardis après-midis de chaque mois.,,,,,,,,
stco_encombrants159,Collecte encombrants en habitat vertical - Quartier Dervallières,Dervallières,modco_encombrants,,,"-1.600860,47.225426,0.000000",tous les mardis après-midis de chaque mois.,,Infos reprises de la carte Google Maps publiée par Nantes Métropôle,,La collecte des encombrants pour l&#39;habitat vertical ou habitat collectif a lieu à cette adresse tous les mardis après-midis de chaque mois.,,,,,,,,
stco_encombrants160,Collecte encombrants en habitat vertical - Quartier Dervallières,Dervallières,modco_encombrants,,,"-1.601086,47.225082,0.000000",tous les mardis après-midis de chaque mois.,,Infos reprises de la carte Google Maps publiée par Nantes Métropôle,,La collecte des encombrants pour l&#39;habitat vertical ou habitat collectif a lieu à cette adresse tous les mardis après-midis de chaque mois.,,,,,,,,
stco_encombrants161,Collecte encombrants en habitat vertical - Quartier Dervallières,Dervallières,modco_encombrants,,,"-1.602373,47.223839,0.000000",tous les mardis après-midis de chaque mois.,,Infos reprises de la carte Google Maps publiée par Nantes Métropôle,,La collecte des encombrants pour l&#39;habitat vertical ou habitat collectif a lieu à cette adresse tous les mardis après-midis de chaque mois.,,,,,,,,
stco_encombrants162,Collecte encombrants en habitat vertical - Quartier Dervallières,Dervallières,modco_encombrants,,,"-1.597878,47.225552,0.000000",tous les mardis après-midis de chaque mois.,,Infos reprises de la carte Google Maps publiée par Nantes Métropôle,,La collecte des encombrants pour l&#39;habitat vertical ou habitat collectif a lieu à cette adresse tous les mardis après-midis de chaque mois.,,,,,,,,
stco_encombrants163,Collecte encombrants en habitat vertical - Quartier Dervallières,Dervallières,modco_encombrants,,,"-1.597663,47.228428,0.000000",tous les mardis après-midis de chaque mois.,,Infos reprises de la carte Google Maps publiée par Nantes Métropôle,,La collecte des encombrants pour l&#39;habitat vertical ou habitat collectif a lieu à cette adresse tous les mardis après-midis de chaque mois.,,,,,,,,
stco_encombrants164,Collecte encombrants en habitat vertical - Quartier Dervallières,Dervallières,modco_encombrants,,,"-1.597062,47.223423,0.000000",tous les vendredis après-midis de chaque mois.,,Infos reprises de la carte Google Maps publiée par Nantes Métropôle,,La collecte des encombrants pour l&#39;habitat vertical ou habitat collectif a lieu à cette adresse tous les vendredis après-midis de chaque mois.,,,,,,,,
stco_encombrants165,Collecte encombrants en habitat vertical - Quartier Dervallières,Dervallières,modco_encombrants,,,"-1.596376,47.223064,0.000000",tous les vendredis après-midis de chaque mois.,,Infos reprises de la carte Google Maps publiée par Nantes Métropôle,,La collecte des encombrants pour l&#39;habitat vertical ou habitat collectif a lieu à cette adresse tous les vendredis après-midis de chaque mois.,,,,,,,,
stco_encombrants166,Collecte encombrants en habitat vertical - Quartier Dervallières,Dervallières,modco_encombrants,,,"-1.598414,47.224632,0.000000",tous les vendredis après-midis de chaque mois.,,Infos reprises de la carte Google Maps publiée par Nantes Métropôle,,La collecte des encombrants pour l&#39;habitat vertical ou habitat collectif a lieu à cette adresse tous les vendredis après-midis de chaque mois.,,,,,,,,
stco_encombrants167,Collecte encombrants en habitat vertical - Quartier Dervallières,Dervallières,modco_encombrants,,,"-1.597760,47.224224,0.000000",tous les vendredis après-midis de chaque mois.,,Infos reprises de la carte Google Maps publiée par Nantes Métropôle,,La collecte des encombrants pour l&#39;habitat vertical ou habitat collectif a lieu à cette adresse tous les vendredis après-midis de chaque mois.,,,,,,,,
stco_encombrants168,Collecte encombrants en habitat vertical - Quartier Dervallières,Dervallières,modco_encombrants,,,"-1.598929,47.224689,0.000000",tous les vendredis après-midis de chaque mois.,,Infos reprises de la carte Google Maps publiée par Nantes Métropôle,,La collecte des encombrants pour l&#39;habitat vertical ou habitat collectif a lieu à cette adresse tous les vendredis après-midis de chaque mois.,,,,,,,,
stco_encombrants169,Collecte encombrants en habitat vertical - Quartier Dervallières,Dervallières,modco_encombrants,,,"-1.593329,47.222080,0.000000",tous les vendredis matins de chaque mois.,,Infos reprises de la carte Google Maps publiée par Nantes Métropôle,,La collecte des encombrants pour l&#39;habitat vertical ou habitat collectif a lieu à cette adresse tous les vendredis matins de chaque mois.,,,,,,,,
stco_encombrants170,Collecte encombrants en habitat vertical - Quartier Dervallières,Dervallières,modco_encombrants,,,"-1.591666,47.222904,0.000000",tous les vendredis matins de chaque mois.,,Infos reprises de la carte Google Maps publiée par Nantes Métropôle,,La collecte des encombrants pour l&#39;habitat vertical ou habitat collectif a lieu à cette adresse tous les vendredis matins de chaque mois.,,,,,,,,
stco_encombrants171,Collecte encombrants en habitat vertical - Quartier Dervallières,Dervallières,modco_encombrants,,,"-1.589295,47.224506,0.000000",tous les vendredis matins de chaque mois.,,Infos reprises de la carte Google Maps publiée par Nantes Métropôle,,La collecte des encombrants pour l&#39;habitat vertical ou habitat collectif a lieu à cette adresse tous les vendredis matins de chaque mois.,,,,,,,,
stco_encombrants172,Collecte encombrants en habitat vertical - Quartier Dervallières,Dervallières,modco_encombrants,,,"-1.590282,47.224136,0.000000",tous les vendredis matins de chaque mois.,,Infos reprises de la carte Google Maps publiée par Nantes Métropôle,,La collecte des encombrants pour l&#39;habitat vertical ou habitat collectif a lieu à cette adresse tous les vendredis matins de chaque mois.,,,,,,,,
stco_encombrants173,Collecte encombrants en habitat vertical - Quartier Dervallières,Dervallières,modco_encombrants,,,"-1.591290,47.223774,0.000000",tous les vendredis matins de chaque mois.,,Infos reprises de la carte Google Maps publiée par Nantes Métropôle,,La collecte des encombrants pour l&#39;habitat vertical ou habitat collectif a lieu à cette adresse tous les vendredis matins de chaque mois.,,,,,,,,
stco_encombrants174,Collecte encombrants en habitat vertical - Quartier Halvèque,Halvèque,modco_encombrants,,,"-1.521553,47.255310,0.000000",tous les jeudis après-midis de chaque mois.,,Infos reprises de la carte Google Maps publiée par Nantes Métropôle,,La collecte des encombrants pour l&#39;habitat vertical ou habitat collectif a lieu à cette adresse tous les jeudis après-midis de chaque mois.,,,,,,,,
stco_encombrants175,Collecte encombrants en habitat vertical - Quartier Halvèque,Halvèque,modco_encombrants,,,"-1.518549,47.254730,0.000000",tous les jeudis après-midis de chaque mois.,,Infos reprises de la carte Google Maps publiée par Nantes Métropôle,,La collecte des encombrants pour l&#39;habitat vertical ou habitat collectif a lieu à cette adresse tous les jeudis après-midis de chaque mois.,,,,,,,,
stco_encombrants176,Collecte encombrants en habitat vertical - Quartier Halvèque ,Halvèque ,modco_encombrants,,,"-1.518903,47.256687,0.000000",tous les jeudis matins de chaque mois.,,Infos reprises de la carte Google Maps publiée par Nantes Métropôle,,La collecte des encombrants pour l&#39;habitat vertical ou habitat collectif a lieu à cette adresse tous les jeudis matins de chaque mois.,,,,,,,,
stco_encombrants177,Collecte encombrants en habitat vertical - Quartier Halvèque ,Halvèque ,modco_encombrants,,,"-1.518586,47.255676,0.000000",tous les jeudis matins de chaque mois.,,Infos reprises de la carte Google Maps publiée par Nantes Métropôle,,La collecte des encombrants pour l&#39;habitat vertical ou habitat collectif a lieu à cette adresse tous les jeudis matins de chaque mois.,,,,,,,,
stco_encombrants178,Collecte encombrants en habitat vertical - Quartier Halvèque,Halvèque,modco_encombrants,,,"-1.518790,47.256310,0.000000",tous les jeudis matins de chaque mois.,,Infos reprises de la carte Google Maps publiée par Nantes Métropôle,,La collecte des encombrants pour l&#39;habitat vertical ou habitat collectif a lieu à cette adresse tous les jeudis matins de chaque mois.,,,,,,,,
stco_encombrants179,Collecte encombrants en habitat vertical - Quartier Halvèque,Halvèque,modco_encombrants,,,"-1.519799,47.257324,0.000000",tous les jeudis matins de chaque mois.,,Infos reprises de la carte Google Maps publiée par Nantes Métropôle,,La collecte des encombrants pour l&#39;habitat vertical ou habitat collectif a lieu à cette adresse tous les jeudis matins de chaque mois.,,,,,,,,
stco_encombrants180,Collecte encombrants en habitat vertical - Quartier Malakoff ,Malakoff ,modco_encombrants,,,"-1.532260,47.214024,0.000000",tous les jeudis après-midis de chaque mois.,,Infos reprises de la carte Google Maps publiée par Nantes Métropôle,,La collecte des encombrants pour l&#39;habitat vertical ou habitat collectif a lieu à cette adresse tous les jeudis après-midis de chaque mois.,,,,,,,,
stco_encombrants181,Collecte encombrants en habitat vertical - Quartier Malakoff,Malakoff,modco_encombrants,,,"-1.532561,47.213959,0.000000",tous les jeudis après-midis de chaque mois.,,Infos reprises de la carte Google Maps publiée par Nantes Métropôle,,La collecte des encombrants pour l&#39;habitat vertical ou habitat collectif a lieu à cette adresse tous les jeudis après-midis de chaque mois.,,,,,,,,
stco_encombrants182,Collecte encombrants en habitat vertical - Quartier Malakoff,Malakoff,modco_encombrants,,,"-1.532362,47.213787,0.000000",tous les jeudis après-midis de chaque mois.,,Infos reprises de la carte Google Maps publiée par Nantes Métropôle,,La collecte des encombrants pour l&#39;habitat vertical ou habitat collectif a lieu à cette adresse tous les jeudis après-midis de chaque mois.,,,,,,,,
stco_encombrants183,Collecte encombrants en habitat vertical - Quartier Malakoff,Malakoff,modco_encombrants,,,"-1.532276,47.214752,0.000000",tous les jeudis après-midis de chaque mois.,,Infos reprises de la carte Google Maps publiée par Nantes Métropôle,,La collecte des encombrants pour l&#39;habitat vertical ou habitat collectif a lieu à cette adresse tous les jeudis après-midis de chaque mois.,,,,,,,,
stco_encombrants184,Collecte encombrants en habitat vertical - Quartier Malakoff,Malakoff,modco_encombrants,,,"-1.530908,47.215000,0.000000",tous les jeudis après-midis de chaque mois.,,Infos reprises de la carte Google Maps publiée par Nantes Métropôle,,La collecte des encombrants pour l&#39;habitat vertical ou habitat collectif a lieu à cette adresse tous les jeudis après-midis de chaque mois.,,,,,,,,
stco_encombrants185,Collecte encombrants en habitat vertical - Quartier Malakoff,Malakoff,modco_encombrants,,,"-1.526767,47.214931,0.000000",tous les jeudis après-midis de chaque mois.,,Infos reprises de la carte Google Maps publiée par Nantes Métropôle,,La collecte des encombrants pour l&#39;habitat vertical ou habitat collectif a lieu à cette adresse tous les jeudis après-midis de chaque mois.,,,,,,,,
stco_encombrants186,Collecte encombrants en habitat vertical - Quartier Malakoff,Malakoff,modco_encombrants,,,"-1.527126,47.214840,0.000000",tous les jeudis après-midis de chaque mois.,,Infos reprises de la carte Google Maps publiée par Nantes Métropôle,,La collecte des encombrants pour l&#39;habitat vertical ou habitat collectif a lieu à cette adresse tous les jeudis après-midis de chaque mois.,,,,,,,,
stco_encombrants187,Collecte encombrants en habitat vertical - Quartier Malakoff,Malakoff,modco_encombrants,,,"-1.529342,47.214291,0.000000",tous les jeudis après-midis de chaque mois.,,Infos reprises de la carte Google Maps publiée par Nantes Métropôle,,La collecte des encombrants pour l&#39;habitat vertical ou habitat collectif a lieu à cette adresse tous les jeudis après-midis de chaque mois.,,,,,,,,
stco_encombrants188,Collecte encombrants en habitat vertical - Quartier Malakoff,Malakoff,modco_encombrants,,,"-1.528307,47.214420,0.000000",tous les jeudis après-midis de chaque mois.,,Infos reprises de la carte Google Maps publiée par Nantes Métropôle,,La collecte des encombrants pour l&#39;habitat vertical ou habitat collectif a lieu à cette adresse tous les jeudis après-midis de chaque mois.,,,,,,,,
stco_encombrants189,Collecte encombrants en habitat vertical - Quartier Malakoff,Malakoff,modco_encombrants,,,"-1.521853,47.216351,0.000000",tous les jeudis après-midis de chaque mois.,,Infos reprises de la carte Google Maps publiée par Nantes Métropôle,,La collecte des encombrants pour l&#39;habitat vertical ou habitat collectif a lieu à cette adresse tous les jeudis après-midis de chaque mois.,,,,,,,,
stco_encombrants190,Collecte encombrants en habitat vertical - Quartier Malakoff,Malakoff,modco_encombrants,,,"-1.521510,47.216732,0.000000",tous les jeudis après-midis de chaque mois.,,Infos reprises de la carte Google Maps publiée par Nantes Métropôle,,La collecte des encombrants pour l&#39;habitat vertical ou habitat collectif a lieu à cette adresse tous les jeudis après-midis de chaque mois.,,,,,,,,
stco_encombrants191,Collecte encombrants en habitat vertical - Quartier Malakoff,Malakoff,modco_encombrants,,,"-1.521842,47.216904,0.000000",tous les jeudis après-midis de chaque mois.,,Infos reprises de la carte Google Maps publiée par Nantes Métropôle,,La collecte des encombrants pour l&#39;habitat vertical ou habitat collectif a lieu à cette adresse tous les jeudis après-midis de chaque mois.,,,,,,,,
stco_encombrants192,Collecte encombrants en habitat vertical - Quartier Malakoff,Malakoff,modco_encombrants,,,"-1.522433,47.217113,0.000000",tous les jeudis après-midis de chaque mois.,,Infos reprises de la carte Google Maps publiée par Nantes Métropôle,,La collecte des encombrants pour l&#39;habitat vertical ou habitat collectif a lieu à cette adresse tous les jeudis après-midis de chaque mois.,,,,,,,,
stco_encombrants193,Collecte encombrants en habitat vertical - Quartier Malakoff,Malakoff,modco_encombrants,,,"-1.523039,47.217098,0.000000",tous les jeudis après-midis de chaque mois.,,Infos reprises de la carte Google Maps publiée par Nantes Métropôle,,La collecte des encombrants pour l&#39;habitat vertical ou habitat collectif a lieu à cette adresse tous les jeudis après-midis de chaque mois.,,,,,,,,
stco_encombrants194,Collecte encombrants en habitat vertical - Quartier Malakoff,Malakoff,modco_encombrants,,,"-1.523629,47.216705,0.000000",tous les jeudis après-midis de chaque mois.,,Infos reprises de la carte Google Maps publiée par Nantes Métropôle,,La collecte des encombrants pour l&#39;habitat vertical ou habitat collectif a lieu à cette adresse tous les jeudis après-midis de chaque mois.,,,,,,,,
stco_encombrants195,Collecte encombrants en habitat vertical - Quartier Malakoff,Malakoff,modco_encombrants,,,"-1.524766,47.216305,0.000000",tous les jeudis après-midis de chaque mois.,,Infos reprises de la carte Google Maps publiée par Nantes Métropôle,,La collecte des encombrants pour l&#39;habitat vertical ou habitat collectif a lieu à cette adresse tous les jeudis après-midis de chaque mois.,,,,,,,,
stco_encombrants196,Collecte encombrants en habitat vertical - Quartier Malakoff,Malakoff,modco_encombrants,,,"-1.524079,47.216702,0.000000",tous les jeudis après-midis de chaque mois.,,Infos reprises de la carte Google Maps publiée par Nantes Métropôle,,La collecte des encombrants pour l&#39;habitat vertical ou habitat collectif a lieu à cette adresse tous les jeudis après-midis de chaque mois.,,,,,,,,
stco_encombrants197,Collecte encombrants en habitat vertical - Quartier Malakoff,Malakoff,modco_encombrants,,,"-1.525785,47.215378,0.000000",tous les jeudis après-midis de chaque mois.,,Infos reprises de la carte Google Maps publiée par Nantes Métropôle,,La collecte des encombrants pour l&#39;habitat vertical ou habitat collectif a lieu à cette adresse tous les jeudis après-midis de chaque mois.,,,,,,,,
stco_encombrants198,Collecte encombrants en habitat vertical - Quartier Nantes Nord,Nantes Nord,modco_encombrants,,,"-1.575594,47.264771,0.000000",tous les mardis après-midis de chaque mois.,,Infos reprises de la carte Google Maps publiée par Nantes Métropôle,,La collecte des encombrants pour l&#39;habitat vertical ou habitat collectif a lieu à cette adresse tous les mardis après-midis de chaque mois.,,,,,,,,
stco_encombrants199,Collecte encombrants en habitat vertical - Quartier Nantes Nord,Nantes Nord,modco_encombrants,,,"-1.578577,47.264793,0.000000",tous les mardis après-midis de chaque mois.,,Infos reprises de la carte Google Maps publiée par Nantes Métropôle,,La collecte des encombrants pour l&#39;habitat vertical ou habitat collectif a lieu à cette adresse tous les mardis après-midis de chaque mois.,,,,,,,,
stco_encombrants200,Collecte encombrants en habitat vertical - Quartier Nantes Nord,Nantes Nord,modco_encombrants,,,"-1.576989,47.265202,0.000000",tous les mardis après-midis de chaque mois.,,Infos reprises de la carte Google Maps publiée par Nantes Métropôle,,La collecte des encombrants pour l&#39;habitat vertical ou habitat collectif a lieu à cette adresse tous les mardis après-midis de chaque mois.,,,,,,,,
stco_encombrants201,Collecte encombrants en habitat vertical - Quartier Nantes Nord,Nantes Nord,modco_encombrants,,,"-1.578512,47.264843,0.000000",tous les mardis après-midis de chaque mois.,,Infos reprises de la carte Google Maps publiée par Nantes Métropôle,,La collecte des encombrants pour l&#39;habitat vertical ou habitat collectif a lieu à cette adresse tous les mardis après-midis de chaque mois.,,,,,,,,
stco_encombrants202,Collecte encombrants en habitat vertical - Quartier Nantes Nord,Nantes Nord,modco_encombrants,,,"-1.575744,47.264801,0.000000",tous les mardis après-midis de chaque mois.,,Infos reprises de la carte Google Maps publiée par Nantes Métropôle,,La collecte des encombrants pour l&#39;habitat vertical ou habitat collectif a lieu à cette adresse tous les mardis après-midis de chaque mois.,,,,,,,,
stco_encombrants203,Collecte encombrants en habitat vertical - Quartier Nantes Nord,Nantes Nord,modco_encombrants,,,"-1.577010,47.265179,0.000000",tous les mardis après-midis de chaque mois.,,Infos reprises de la carte Google Maps publiée par Nantes Métropôle,,La collecte des encombrants pour l&#39;habitat vertical ou habitat collectif a lieu à cette adresse tous les mardis après-midis de chaque mois.,,,,,,,,
stco_encombrants204,Collecte encombrants en habitat vertical - Quartier Nantes Nord,Nantes Nord,modco_encombrants,,,"-1.578791,47.265491,0.000000",tous les mardis après-midis de chaque mois.,,Infos reprises de la carte Google Maps publiée par Nantes Métropôle,,La collecte des encombrants pour l&#39;habitat vertical ou habitat collectif a lieu à cette adresse tous les mardis après-midis de chaque mois.,,,,,,,,
stco_encombrants205,Collecte encombrants en habitat vertical - Quartier Nantes Nord,Nantes Nord,modco_encombrants,,,"-1.577868,47.264183,0.000000",La collecte des encombrants pour l'habitat vertical ou habitat collectif a lieu à cette adresse tous les mardis après-midis de chaque mois.,,Infos reprises de la carte Google Maps publiée par Nantes Métropôle,,La collecte des encombrants pour l'habitat vertical ou habitat collectif a lieu à cette adresse tous les mardis après-midis de chaque mois.,,,,,,,,
stco_encombrants206,Collecte encombrants en habitat vertical - Quartier Nantes Nord ,Nantes Nord ,modco_encombrants,,,"-1.578083,47.263454,0.000000",tous les mardis après-midis de chaque mois.,,Infos reprises de la carte Google Maps publiée par Nantes Métropôle,,La collecte des encombrants pour l&#39;habitat vertical ou habitat collectif a lieu à cette adresse tous les mardis après-midis de chaque mois.,,,,,,,,
stco_encombrants207,Collecte encombrants en habitat vertical - Quartier Nantes Nord ,Nantes Nord ,modco_encombrants,,,"-1.575025,47.265633,0.000000",tous les mardis après-midis de chaque mois.,,Infos reprises de la carte Google Maps publiée par Nantes Métropôle,,La collecte des encombrants pour l&#39;habitat vertical ou habitat collectif a lieu à cette adresse tous les mardis après-midis de chaque mois.,,,,,,,,
stco_encombrants208,Collecte encombrants en habitat vertical - Quartier Nantes Nord,Nantes Nord,modco_encombrants,,,"-1.579027,47.261314,0.000000",tous les mardis matins de chaque mois.,,Infos reprises de la carte Google Maps publiée par Nantes Métropôle,,La collecte des encombrants pour l&#39;habitat vertical ou habitat collectif a lieu à cette adresse tous les mardis matins de chaque mois.,,,,,,,,
stco_encombrants209,Collecte encombrants en habitat vertical - Quartier Nantes Nord,Nantes Nord,modco_encombrants,,,"-1.578094,47.261517,0.000000",tous les mardis matins de chaque mois.,,Infos reprises de la carte Google Maps publiée par Nantes Métropôle,,La collecte des encombrants pour l&#39;habitat vertical ou habitat collectif a lieu à cette adresse tous les mardis matins de chaque mois.,,,,,,,,
stco_encombrants210,Collecte encombrants en habitat vertical - Quartier Nantes Nord,Nantes Nord,modco_encombrants,,,"-1.578416,47.260067,0.000000",tous les mardis matins de chaque mois.,,Infos reprises de la carte Google Maps publiée par Nantes Métropôle,,La collecte des encombrants pour l&#39;habitat vertical ou habitat collectif a lieu à cette adresse tous les mardis matins de chaque mois.,,,,,,,,
stco_encombrants211,Collecte encombrants en habitat vertical - Quartier Nantes Nord,Nantes Nord,modco_encombrants,,,"-1.577289,47.261082,0.000000",tous les mardis matins de chaque mois.,,Infos reprises de la carte Google Maps publiée par Nantes Métropôle,,La collecte des encombrants pour l&#39;habitat vertical ou habitat collectif a lieu à cette adresse tous les mardis matins de chaque mois.,,,,,,,,
stco_encombrants212,Collecte encombrants en habitat vertical - Quartier Nantes Nord,Nantes Nord,modco_encombrants,,,"-1.578265,47.259071,0.000000",tous les mardis matins de chaque mois.,,Infos reprises de la carte Google Maps publiée par Nantes Métropôle,,La collecte des encombrants pour l&#39;habitat vertical ou habitat collectif a lieu à cette adresse tous les mardis matins de chaque mois.,,,,,,,,
stco_encombrants213,Collecte encombrants en habitat vertical - Quartier Nantes Nord,Nantes Nord,modco_encombrants,,,"-1.576678,47.259640,0.000000",tous les mardis matins de chaque mois.,,Infos reprises de la carte Google Maps publiée par Nantes Métropôle,,La collecte des encombrants pour l&#39;habitat vertical ou habitat collectif a lieu à cette adresse tous les mardis matins de chaque mois.,,,,,,,,
stco_encombrants214,Collecte encombrants en habitat vertical - Quartier Nantes Nord ,Nantes Nord ,modco_encombrants,,,"-1.575905,47.257965,0.000000",tous les mardis matins de chaque mois.,,Infos reprises de la carte Google Maps publiée par Nantes Métropôle,,La collecte des encombrants pour l&#39;habitat vertical ou habitat collectif a lieu à cette adresse tous les mardis matins de chaque mois.,,,,,,,,
stco_encombrants215,Collecte encombrants en habitat vertical - Quartier Nantes Nord ,Nantes Nord ,modco_encombrants,,,"-1.577890,47.258392,0.000000",tous les mardis matins de chaque mois.,,Infos reprises de la carte Google Maps publiée par Nantes Métropôle,,La collecte des encombrants pour l&#39;habitat vertical ou habitat collectif a lieu à cette adresse tous les mardis matins de chaque mois.,,,,,,,,
stco_encombrants216,Collecte encombrants en habitat vertical - Quartier Nantes Nord ,Nantes Nord ,modco_encombrants,,,"-1.577343,47.258015,0.000000",tous les mardis matins de chaque mois.,,Infos reprises de la carte Google Maps publiée par Nantes Métropôle,,La collecte des encombrants pour l&#39;habitat vertical ou habitat collectif a lieu à cette adresse tous les mardis matins de chaque mois.,,,,,,,,
stco_encombrants217,Collecte encombrants en habitat vertical - Quartier Nantes Nord ,Nantes Nord ,modco_encombrants,,,"-1.577268,47.257542,0.000000",tous les mardis matins de chaque mois.,,Infos reprises de la carte Google Maps publiée par Nantes Métropôle,,La collecte des encombrants pour l&#39;habitat vertical ou habitat collectif a lieu à cette adresse tous les mardis matins de chaque mois.,,,,,,,,
stco_encombrants218,Collecte encombrants en habitat vertical - Quartier Nantes Nord,Nantes Nord,modco_encombrants,,,"-1.571989,47.259972,0.000000",tous les mercredis après-midis de chaque mois.,,Infos reprises de la carte Google Maps publiée par Nantes Métropôle,,La collecte des encombrants pour l&#39;habitat vertical ou habitat collectif a lieu à cette adresse tous les mercredis après-midis de chaque mois.,,,,,,,,
stco_encombrants219,Collecte encombrants en habitat vertical - Quartier Nantes Nord,Nantes Nord,modco_encombrants,,,"-1.572161,47.258736,0.000000",tous les mercredis après-midis de chaque mois.,,Infos reprises de la carte Google Maps publiée par Nantes Métropôle,,La collecte des encombrants pour l&#39;habitat vertical ou habitat collectif a lieu à cette adresse tous les mercredis après-midis de chaque mois.,,,,,,,,
stco_encombrants220,Collecte encombrants en habitat vertical - Quartier Nantes Nord ,Nantes Nord ,modco_encombrants,,,"-1.573792,47.258656,0.000000",tous les mercredis après-midis de chaque mois.,,Infos reprises de la carte Google Maps publiée par Nantes Métropôle,,La collecte des encombrants pour l&#39;habitat vertical ou habitat collectif a lieu à cette adresse tous les mercredis après-midis de chaque mois.,,,,,,,,
stco_encombrants221,Collecte encombrants en habitat vertical - Quartier Nantes Nord ,Nantes Nord ,modco_encombrants,,,"-1.573792,47.259945,0.000000",tous les mercredis après-midis de chaque mois.,,Infos reprises de la carte Google Maps publiée par Nantes Métropôle,,La collecte des encombrants pour l&#39;habitat vertical ou habitat collectif a lieu à cette adresse tous les mercredis après-midis de chaque mois.,,,,,,,,
stco_encombrants222,Collecte encombrants en habitat vertical - Quartier Nantes Nord ,Nantes Nord ,modco_encombrants,,,"-1.574199,47.261028,0.000000",tous les mercredis après-midis de chaque mois.,,Infos reprises de la carte Google Maps publiée par Nantes Métropôle,,La collecte des encombrants pour l&#39;habitat vertical ou habitat collectif a lieu à cette adresse tous les mercredis après-midis de chaque mois.,,,,,,,,
stco_encombrants223,Collecte encombrants en habitat vertical - Quartier Nantes Nord ,Nantes Nord ,modco_encombrants,,,"-1.572665,47.261227,0.000000",tous les mercredis après-midis de chaque mois.,,Infos reprises de la carte Google Maps publiée par Nantes Métropôle,,La collecte des encombrants pour l&#39;habitat vertical ou habitat collectif a lieu à cette adresse tous les mercredis après-midis de chaque mois.,,,,,,,,
stco_encombrants224,Collecte encombrants en habitat vertical - Quartier Nantes Nord,Nantes Nord,modco_encombrants,,,"-1.563073,47.260620,0.000000",tous les mercredis après-midis de chaque mois.,,Infos reprises de la carte Google Maps publiée par Nantes Métropôle,,La collecte des encombrants pour l&#39;habitat vertical ou habitat collectif a lieu à cette adresse tous les mercredis après-midis de chaque mois.,,,,,,,,
stco_encombrants225,Collecte encombrants en habitat vertical - Quartier Nantes Nord,Nantes Nord,modco_encombrants,,,"-1.564640,47.260387,0.000000",tous les mercredis après-midis de chaque mois.,,Infos reprises de la carte Google Maps publiée par Nantes Métropôle,,La collecte des encombrants pour l&#39;habitat vertical ou habitat collectif a lieu à cette adresse tous les mercredis après-midis de chaque mois.,,,,,,,,
stco_encombrants226,Collecte encombrants en habitat vertical - Quartier Nantes Nord,Nantes Nord,modco_encombrants,,,"-1.564490,47.261196,0.000000",tous les mercredis après-midis de chaque mois.,,Infos reprises de la carte Google Maps publiée par Nantes Métropôle,,La collecte des encombrants pour l&#39;habitat vertical ou habitat collectif a lieu à cette adresse tous les mercredis après-midis de chaque mois.,,,,,,,,
stco_encombrants227,Collecte encombrants en habitat vertical - Quartier Nantes Nord,Nantes Nord,modco_encombrants,,,"-1.565616,47.261635,0.000000",tous les mercredis après-midis de chaque mois.,,Infos reprises de la carte Google Maps publiée par Nantes Métropôle,,La collecte des encombrants pour l&#39;habitat vertical ou habitat collectif a lieu à cette adresse tous les mercredis après-midis de chaque mois.,,,,,,,,
stco_encombrants228,Collecte encombrants en habitat vertical - Quartier Nantes Nord ,Nantes Nord ,modco_encombrants,,,"-1.569285,47.256428,0.000000",tous les mercredis matins de chaque mois.,,Infos reprises de la carte Google Maps publiée par Nantes Métropôle,,La collecte des encombrants pour l&#39;habitat vertical ou habitat collectif a lieu à cette adresse tous les mercredis matins de chaque mois.,,,,,,,,
stco_encombrants229,Collecte encombrants en habitat vertical - Quartier Nantes Nord ,Nantes Nord ,modco_encombrants,,,"-1.567708,47.254665,0.000000",tous les mercredis matins de chaque mois.,,Infos reprises de la carte Google Maps publiée par Nantes Métropôle,,La collecte des encombrants pour l&#39;habitat vertical ou habitat collectif a lieu à cette adresse tous les mercredis matins de chaque mois.,,,,,,,,
stco_encombrants230,Collecte encombrants en habitat vertical - Quartier Nantes Nord,Nantes Nord,modco_encombrants,,,"-1.568309,47.255371,0.000000",tous les mercredis matins de chaque mois.,,Infos reprises de la carte Google Maps publiée par Nantes Métropôle,,La collecte des encombrants pour l&#39;habitat vertical ou habitat collectif a lieu à cette adresse tous les mercredis matins de chaque mois.,,,,,,,,
stco_encombrants231,Collecte encombrants en habitat vertical - Quartier Nantes Nord,Nantes Nord,modco_encombrants,,,"-1.569082,47.254932,0.000000",tous les mercredis matins de chaque mois.,,Infos reprises de la carte Google Maps publiée par Nantes Métropôle,,La collecte des encombrants pour l&#39;habitat vertical ou habitat collectif a lieu à cette adresse tous les mercredis matins de chaque mois.,,,,,,,,
stco_encombrants232,Collecte encombrants en habitat vertical - Quartier Nantes Nord ,Nantes Nord ,modco_encombrants,,,"-1.566947,47.255489,0.000000",tous les mercredis matins de chaque mois.,,Infos reprises de la carte Google Maps publiée par Nantes Métropôle,,La collecte des encombrants pour l&#39;habitat vertical ou habitat collectif a lieu à cette adresse tous les mercredis matins de chaque mois.,,,,,,,,
stco_encombrants233,Collecte encombrants en habitat vertical - Quartier Nantes Nord ,Nantes Nord ,modco_encombrants,,,"-1.569918,47.253616,0.000000",tous les mercredis matins de chaque mois.,,Infos reprises de la carte Google Maps publiée par Nantes Métropôle,,La collecte des encombrants pour l&#39;habitat vertical ou habitat collectif a lieu à cette adresse tous les mercredis matins de chaque mois.,,,,,,,,
stco_encombrants234,Collecte encombrants en habitat vertical - Quartier Nantes Nord ,Nantes Nord ,modco_encombrants,,,"-1.569457,47.254265,0.000000",tous les mercredis matins de chaque mois.,,Infos reprises de la carte Google Maps publiée par Nantes Métropôle,,La collecte des encombrants pour l&#39;habitat vertical ou habitat collectif a lieu à cette adresse tous les mercredis matins de chaque mois.,,,,,,,,
stco_encombrants235,Collecte encombrants en habitat vertical - Quartier Nantes Nord ,Nantes Nord ,modco_encombrants,,,"-1.569253,47.253399,0.000000",tous les mercredis matins de chaque mois.,,Infos reprises de la carte Google Maps publiée par Nantes Métropôle,,La collecte des encombrants pour l&#39;habitat vertical ou habitat collectif a lieu à cette adresse tous les mercredis matins de chaque mois.,,,,,,,,
stco_encombrants236,Collecte encombrants en habitat vertical - Quartier Nantes Nord ,Nantes Nord ,modco_encombrants,,,"-1.567730,47.253166,0.000000",tous les mercredis matins de chaque mois.,,Infos reprises de la carte Google Maps publiée par Nantes Métropôle,,La collecte des encombrants pour l&#39;habitat vertical ou habitat collectif a lieu à cette adresse tous les mercredis matins de chaque mois.,,,,,,,,
stco_encombrants237,Collecte encombrants en habitat vertical - Quartier Nantes Nord ,Nantes Nord ,modco_encombrants,,,"-1.566689,47.253738,0.000000",tous les mercredis matins de chaque mois.,,Infos reprises de la carte Google Maps publiée par Nantes Métropôle,,La collecte des encombrants pour l&#39;habitat vertical ou habitat collectif a lieu à cette adresse tous les mercredis matins de chaque mois.,,,,,,,,
stco_encombrants238,Collecte encombrants en habitat vertical - Quartier Nantes Nord ,Nantes Nord ,modco_encombrants,,,"-1.566550,47.253143,0.000000",tous les mercredis matins de chaque mois.,,Infos reprises de la carte Google Maps publiée par Nantes Métropôle,,La collecte des encombrants pour l&#39;habitat vertical ou habitat collectif a lieu à cette adresse tous les mercredis matins de chaque mois.,,,,,,,,
stco_encombrants239,Collecte encombrants en habitat vertical - Quartier Nantes Nord ,Nantes Nord ,modco_encombrants,,,"-1.566399,47.252285,0.000000",tous les mercredis matins de chaque mois.,,Infos reprises de la carte Google Maps publiée par Nantes Métropôle,,La collecte des encombrants pour l&#39;habitat vertical ou habitat collectif a lieu à cette adresse tous les mercredis matins de chaque mois.,,,,,,,,
stco_encombrants240,Collecte encombrants en habitat vertical - Quartier Nantes Nord ,Nantes Nord ,modco_encombrants,,,"-1.575454,47.254433,0.000000",tous les mercredis matins de chaque mois.,,Infos reprises de la carte Google Maps publiée par Nantes Métropôle,,La collecte des encombrants pour l&#39;habitat vertical ou habitat collectif a lieu à cette adresse tous les mercredis matins de chaque mois.,,,,,,,,
stco_encombrants241,Collecte encombrants en habitat vertical - Quartier Nantes Nord ,Nantes Nord ,modco_encombrants,,,"-1.574135,47.254562,0.000000",tous les mercredis matins de chaque mois.,,Infos reprises de la carte Google Maps publiée par Nantes Métropôle,,La collecte des encombrants pour l&#39;habitat vertical ou habitat collectif a lieu à cette adresse tous les mercredis matins de chaque mois.,,,,,,,,
stco_encombrants242,Repère 44,,modco_encombrants,,,"-1.555947,47.215534,0.000000",,,Infos reprises de la carte Google Maps publiée par Nantes Métropôle,,,,,,,,,,
stco_encombrants243,,,modco_encombrants,,,"0.000000,0.000000,0.000000",,,Infos reprises de la carte Google Maps publiée par Nantes Métropôle,,,,,,,,,,
stco_encombrants244,Repère 45,,modco_encombrants,,,"-1.555148,47.219975,0.000000",,,Infos reprises de la carte Google Maps publiée par Nantes Métropôle,,,,,,,,,,
stco_encombrants245,,,modco_encombrants,,,"0.000000,0.000000,0.000000",,,Infos reprises de la carte Google Maps publiée par Nantes Métropôle,,,,,,,,,,
